state,district,avg_risk_score,max_risk_score,pin_count,total_enrollments,total_demo_updates,total_bio_updates
100000,100000,0.8744897510193125,0.8744897510193125,1,218,2,0
Andaman & Nicobar Islands,Andamans,0.6918226826850346,1.3212586773002446,12,75,750,2015
Andaman & Nicobar Islands,Nicobars,0.3199668595240652,0.3199668595240652,1,1,4,2
Andaman & Nicobar Islands,South Andaman,0.3830003314711903,0.5947668748527231,6,38,305,367
Andaman And Nicobar,Nicobar,0.898786391382664,1.0440650603123882,4,75,787,1811
Andaman And Nicobar,North And Middle Andaman,0.746654744532813,1.7854291452474889,8,132,2009,6383
Andaman And Nicobar,South Andaman,0.9245301288113387,1.8034318356714267,12,190,3391,10120
Andhra Pradesh,Adilabad,0.7324749262926878,1.6919665145134875,48,1419,29291,52038
Andhra Pradesh,Alluri Sitharama Raju,0.6116627550664122,1.8077476262639822,43,1255,12871,18607
Andhra Pradesh,Anakapalli,0.6870265155381554,1.931407532205571,40,543,13460,6723
Andhra Pradesh,Anantapur,0.6847718317747932,2.8721870268631084,92,4415,68745,93565
Andhra Pradesh,Ananthapur,0.7382451753476827,2.115001529788613,94,1994,30026,84132
Andhra Pradesh,Ananthapuramu,0.7041800280552086,4.607182170888882,95,3187,55944,109602
Andhra Pradesh,Annamayya,0.5904866150415348,4.856643780914387,47,1021,33634,9712
Andhra Pradesh,Bapatla,0.6066309187264471,2.641328798117531,58,492,13514,5982
Andhra Pradesh,Chittoor,0.932953651153316,5.3241884649307405,101,8199,169636,251438
Andhra Pradesh,Cuddapah,0.7554911646664925,3.664003612668866,83,5934,83667,170796
Andhra Pradesh,Dr. B. R. Ambedkar Konaseema,0.6266677469611511,2.021211116195424,55,665,14156,7306
Andhra Pradesh,East Godavari,0.8764023398405513,5.373229785979382,154,7678,156025,301850
Andhra Pradesh,Eluru,0.6591844510572938,2.6331102426223407,66,629,17584,8230
Andhra Pradesh,Guntur,0.954326046246635,4.813155949754045,109,9729,177221,291694
Andhra Pradesh,Hyderabad,0.48543075933758784,1.7351694500930226,73,4840,36206,105744
Andhra Pradesh,K.V. Rangareddy,0.5258834090478313,0.5664519201983242,63,19,166,404
Andhra Pradesh,K.V.Rangareddy,0.6141272021526418,1.7726952646789236,69,69,518,773
Andhra Pradesh,Kakinada,0.7623240369016614,3.0413322858699283,38,969,28269,11698
Andhra Pradesh,Karim Nagar,0.5497645333247136,1.7579994904355365,75,82,1151,1697
Andhra Pradesh,Karimnagar,0.5056335783397855,1.3838630574116464,81,659,10331,17127
Andhra Pradesh,Khammam,0.7306343915762715,1.7016584420668275,60,1133,32368,40958
Andhra Pradesh,Krishna,0.8238004613218395,3.4063251648768658,112,6737,111849,233247
Andhra Pradesh,Kurnool,1.086003270318112,4.394189531724169,86,11770,177645,350633
Andhra Pradesh,Mahabub Nagar,0.5630694105593833,1.8369622938867411,68,1511,12813,13852
Andhra Pradesh,Mahabubnagar,0.5759260528169756,0.6011620576821912,53,7,81,120
Andhra Pradesh,Mahbubnagar,0.5821570766993012,1.7753940573632272,70,722,9897,14739
Andhra Pradesh,Medak,0.4227147715951995,0.8838219947012773,76,1406,12963,22445
Andhra Pradesh,N. T. R,0.8356606930005659,2.88943991031313,39,933,38070,13559
Andhra Pradesh,Nalgonda,0.6459625976127688,1.7768427308848567,57,1167,29844,32653
Andhra Pradesh,Nandyal,0.6706964415791762,3.7169862935487745,51,905,27385,10640
Andhra Pradesh,Nellore,0.6899668680938997,2.974231192921479,82,5367,68123,158477
Andhra Pradesh,Nizamabad,0.43600351129553483,1.5120644392349734,52,524,5541,10979
Andhra Pradesh,Palnadu,0.6532878155209688,2.975543763779603,44,860,25495,10053
Andhra Pradesh,Parvathipuram Manyam,0.6365594246306427,1.405032308902502,27,508,9391,10630
Andhra Pradesh,Prakasam,0.798806952055624,3.9232897866172003,100,7623,120498,212299
Andhra Pradesh,Rangareddi,0.614139544715985,2.4755644230936666,69,1884,22265,54595
Andhra Pradesh,Spsr Nellore,0.8681815347042509,1.578453364090642,14,2183,0,0
Andhra Pradesh,Sri Potti Sriramulu Nellore,0.6200223484024545,2.8396618158365996,71,1614,22065,10135
Andhra Pradesh,Sri Sathya Sai,0.6053849232341099,2.9149806730464403,51,938,22107,10415
Andhra Pradesh,Srikakulam,1.2173109008790486,3.7024423219420393,67,4300,135699,192607
Andhra Pradesh,Tirupati,0.7076470067261718,4.731688933522516,59,1719,33230,10398
Andhra Pradesh,Visakhapatanam,0.6732524408201556,0.6732524408201556,1,226,0,0
Andhra Pradesh,Visakhapatnam,1.0744067821381547,3.602381842315139,94,8178,157193,311303
Andhra Pradesh,Vizianagaram,0.9540340941637538,4.0018866358425225,70,3856,78887,159998
Andhra Pradesh,Warangal,0.905064228274082,2.106982391269081,73,1059,34766,51758
Andhra Pradesh,West Godavari,0.884886104971598,3.402233832705411,118,5935,126806,220414
Andhra Pradesh,Y. S. R,0.6075541167434936,3.5008686758011365,61,823,28186,8608
Arunachal Pradesh,Anjaw,0.4305579832637834,0.4305579832637834,1,37,760,1171
Arunachal Pradesh,Changlang,0.8461453155677766,1.7616916476970348,8,803,5659,8183
Arunachal Pradesh,Dibang Valley,0.6503821277890067,0.6644044232801632,2,10,160,471
Arunachal Pradesh,East Kameng,0.6801781253019212,0.909889650267749,2,181,1422,4297
Arunachal Pradesh,East Siang,0.7416057291709005,1.2424711502556378,3,168,2503,3321
Arunachal Pradesh,Kamle,0.4275624714387591,0.4275624714387591,1,30,318,143
Arunachal Pradesh,Kra Daadi,0.4607997552234529,0.4607997552234529,1,81,514,1240
Arunachal Pradesh,Kurung Kumey,0.6231293096139945,0.6231293096139945,1,75,335,3390
Arunachal Pradesh,Leparada,0.352730377131115,0.352730377131115,1,3,23,36
Arunachal Pradesh,Lohit,0.5909399515090714,1.148200685279111,5,166,1866,3891
Arunachal Pradesh,Longding,0.8928925893821482,2.881429655531226,5,897,1485,2599
Arunachal Pradesh,Lower Dibang Valley,0.45884245623902814,0.45884245623902814,1,109,1157,2248
Arunachal Pradesh,Lower Siang,0.5866277823546123,0.9177131825860134,3,31,339,413
Arunachal Pradesh,Lower Subansiri,0.7024526540223901,1.130726567918361,3,105,1521,2680
Arunachal Pradesh,Namsai,0.8923643252941688,1.497723574765546,3,150,2135,6003
Arunachal Pradesh,Pakke Kessang,0.23522585653430672,0.23522585653430672,1,4,87,74
Arunachal Pradesh,Papum Pare,0.6436736899874751,0.8941486356156134,8,447,4922,9259
Arunachal Pradesh,Shi-Yomi,0.6789697193812936,0.7713883178133665,2,35,238,529
Arunachal Pradesh,Siang,0.6949611242396794,0.7039837443379008,2,103,777,1309
Arunachal Pradesh,Tawang,0.45031671265169226,0.8220898618162121,3,154,951,2464
Arunachal Pradesh,Tirap,0.5724447791610774,1.0340745026853024,6,99,990,1893
Arunachal Pradesh,Upper Siang,0.8741967679578407,1.2505101012655164,4,43,1321,1796
Arunachal Pradesh,Upper Subansiri,0.6433948314560805,0.6433948314560805,1,143,1549,4166
Arunachal Pradesh,West Kameng,0.5099665545107578,1.375727193092039,7,278,1859,6172
Arunachal Pradesh,West Siang,0.7408185859752365,1.3898623667201113,4,192,3552,4646
Assam,Bajali,0.6968720324676262,1.1978893978004987,12,29,844,23
Assam,Baksa,0.7702002681624028,2.926664490125495,27,3699,17012,17455
Assam,Barpeta,1.4692106583707438,6.197819636544745,32,14383,59142,95421
Assam,Biswanath,0.662968536497365,2.286630772788937,16,1329,11025,9548
Assam,Bongaigaon,1.152730814216494,5.634245955029544,16,3175,39124,36608
Assam,Cachar,1.042498816067757,4.804975363767985,68,17514,58019,66145
Assam,Charaideo,0.7427899236679862,1.92704504587354,11,1189,9913,8293
Assam,Chirang,0.903295636165777,4.01202050674272,18,3348,13397,27087
Assam,Darrang,1.2862439939935102,4.30327036399215,23,7595,28319,26265
Assam,Dhemaji,1.298852852055522,4.4380170672894454,20,6901,22349,20730
Assam,Dhubri,1.8161575333464537,6.809581369227494,24,12646,80799,59475
Assam,Dibrugarh,1.0418016207344218,2.738375849035132,30,7062,26519,26735
Assam,Dima Hasao,0.6796284852919044,1.6397406596681143,7,250,280,25
Assam,Goalpara,1.8016898072687177,6.669250637255608,15,9898,40567,27624
Assam,Golaghat,1.321261667189965,4.826223498651187,32,11505,27924,20154
Assam,Hailakandi,1.0802416089714004,3.917586640315909,23,5578,21302,21123
Assam,Hojai,1.7651056802017457,5.781593845435725,10,7050,25308,29002
Assam,Jorhat,0.7368042000545721,2.8001390571098947,42,4887,19788,16279
Assam,Kamrup,0.8163356718627679,6.2495033403250355,66,13666,44584,43252
Assam,Kamrup Metro,0.8745942420339722,2.5277224312041873,41,6046,26191,26762
Assam,Karbi Anglong,0.9814299284028616,5.836566912009919,40,8107,31121,39206
Assam,Karimganj,1.5527667985047582,5.162991817730389,29,14833,41414,35646
Assam,Kokrajhar,0.8762795518572706,5.483880655373732,22,4609,22669,28859
Assam,Lakhimpur,1.3537970293130392,4.217985317806378,20,7199,35412,29772
Assam,Majuli,0.5537841732918564,1.8153861595961225,6,515,3281,3382
Assam,Marigaon,1.903609587922368,5.291435538845401,17,10487,43810,33936
Assam,Nagaon,1.2559255421768947,7.305980157329216,39,12873,97377,117879
Assam,Nalbari,0.6749041627589931,4.19398946878732,39,3881,20961,20251
Assam,North Cachar Hills,0.8712023377127971,1.6566004172114106,8,1058,3599,4024
Assam,Sibsagar,0.6057502810282637,3.0419930960124613,35,2737,13070,11380
Assam,Sivasagar,0.761551023504308,1.3334481217238272,3,422,0,0
Assam,Sonitpur,0.8802092962490771,5.048682534805138,51,9197,43576,30117
Assam,South Salmara Mankachar,1.95420921892075,3.7221841984508437,4,1472,21047,4848
Assam,Sribhumi,0.8009461187921317,1.276996205635729,27,169,5087,357
Assam,Tamulpur District,0.7481192901591741,1.1691876700102655,6,55,1268,70
Assam,Tinsukia,1.1699443034583803,3.0362476501452043,30,8384,35249,19249
Assam,Udalguri,0.7431590436489295,3.486616762092957,45,4565,19780,22348
Assam,West Karbi Anglong,1.0045933567200716,3.4881430378240244,8,1884,1451,3392
Balanagar,Idpl Colony,0.5183882944204357,0.5183882944204357,1,0,2,0
Bihar,Araria,2.4225532070705715,6.915970288491428,22,15579,155315,155444
Bihar,Arwal,1.1264670234355714,2.9018658444031473,22,3866,27770,30704
Bihar,Aurangabad,1.4288997471491762,3.3709332749387086,32,10170,105840,96430
Bihar,Aurangabad(Bh),0.5746549312475425,1.768598262633463,25,113,694,232
Bihar,Banka,1.3411842620977883,7.046892112259228,39,11074,98120,98227
Bihar,Begusarai,1.687011717834624,5.209083790406318,34,13209,132990,147208
Bihar,Bhabua,0.5601805281707496,1.5475048895438068,12,31,132,33
Bihar,Bhagalpur,1.9533464592530514,7.1872578181120454,37,21062,155026,148314
Bihar,Bhojpur,1.5474944584701076,6.127573713363299,44,13357,142341,96996
Bihar,Buxar,1.3952494532537023,2.832000938148918,28,7240,73902,57028
Bihar,Darbhanga,1.449369551865321,5.491783645959955,49,15765,153928,210380
Bihar,East Champaran,2.6253825203385994,7.343704161754262,39,29323,248028,212134
Bihar,Gaya,2.1914567705284016,6.986641194390041,43,27401,195174,185172
Bihar,Gopalganj,2.1635892414070943,6.0707186759624,24,15148,105867,103484
Bihar,Jamui,2.3039952216085755,5.573997369669741,15,10382,66920,82157
Bihar,Jehanabad,1.2186925965863202,3.899560909835683,25,4883,46361,37430
Bihar,Kaimur (Bhabua),1.5576727545128766,6.9222569023610445,24,7825,67018,78157
Bihar,Katihar,2.3463910857750276,6.71438488119621,28,16350,180294,217280
Bihar,Khagaria,2.0696074448294928,4.7883453259997735,16,8196,75624,79904
Bihar,Kishanganj,3.011370243955248,6.427079692405047,11,8764,145141,141279
Bihar,Lakhisarai,1.582080350260703,7.185901225894338,14,6155,48883,49497
Bihar,Madhepura,1.6972681973755266,5.754821935590971,25,9027,91861,117237
Bihar,Madhubani,1.871979576733049,6.5062485940142105,46,25930,181691,238135
Bihar,Monghyr,0.5635775366134923,1.0784843463681952,10,49,282,99
Bihar,Munger,1.5359738450672613,6.647495924400622,18,6087,55947,50471
Bihar,Muzaffarpur,1.810359370685004,7.053079616743922,55,28855,206917,208544
Bihar,Nalanda,1.8374979109418355,7.548452632069897,34,14575,153043,117402
Bihar,Nawada,2.1590583343910956,4.565678114013464,26,15413,86518,86245
Bihar,Pashchim Champaran,2.0619929975547935,4.436788229350048,18,16359,1120,353
Bihar,Patna,1.521703359431405,7.120684582806999,79,24644,243772,209014
Bihar,Purba Champaran,0.5815975969321177,1.9088571194773107,38,127,934,264
Bihar,Purbi Champaran,2.6953587322656944,3.8103783039103094,12,14871,0,0
Bihar,Purnea,0.5267249274157426,1.835131786225979,23,257,2806,4954
Bihar,Purnia,1.9057441003431401,7.026737407365592,36,20100,143374,228551
Bihar,Rohtas,1.4509023919119257,4.661135560786617,36,7939,117745,111710
Bihar,Saharsa,2.1874362723445553,5.955336323406402,18,13063,81177,119866
Bihar,Samastipur,1.8213595586466431,6.738143071577747,44,19207,202292,200165
Bihar,Samstipur,0.5607500061271685,1.7469252683818177,38,82,448,195
Bihar,Saran,1.7155513830869327,7.064123590821826,52,24218,169845,148503
Bihar,Sheikhpura,1.521822213945337,5.281075088419206,9,3199,28088,40423
Bihar,Sheikpura,0.5856578372216782,1.2036552857527771,6,29,178,133
Bihar,Sheohar,1.7060611813680837,6.2106752966081,8,3262,31480,32682
Bihar,Sitamarhi,3.0897346204124174,7.2933130969450755,26,42232,169848,182000
Bihar,Siwan,1.3934408203549056,7.1342360168616334,47,15311,123722,125804
Bihar,Supaul,1.7868745789700318,5.526066691453554,26,10411,106911,112370
Bihar,Vaishali,1.8936354149996284,5.340610918427179,38,18007,155594,168160
Bihar,West Champaran,4.235833412640165,7.089628717620856,20,30438,233389,166817
Chandigarh,Chandigarh,1.2959418356295211,4.6825966198931495,26,2720,83336,74462
Chandigarh,Mohali,0.5188895167345857,0.5188895167345857,1,0,5,6
Chandigarh,Rupnagar,0.4839141614908456,0.6391900245571882,3,3,20,14
Chhatisgarh,Raipur,0.5745014664034716,0.5745014664034716,1,0,4,5
Chhattisgarh,Balod,1.1378161058535468,4.18174171250897,31,1678,59734,81215
Chhattisgarh,Baloda Bazar,1.1474528503707542,6.273382194457916,46,4944,116270,140747
Chhattisgarh,Balrampur,2.6894853574130657,5.842467555119365,9,6190,60301,52243
Chhattisgarh,Bastar,1.2404991285503868,5.88815842741983,34,6608,79431,94384
Chhattisgarh,Bemetara,1.7279384028606481,5.11978844547422,13,2771,58693,111710
Chhattisgarh,Bijapur,1.8677013404244942,5.776755794792839,8,6724,13047,27884
Chhattisgarh,Bilaspur,1.6057875874404823,7.288793428558066,32,8941,153341,195037
Chhattisgarh,Dakshin Bastar Dantewada,0.7711002748542864,2.1655986131046063,10,1224,5896,27211
Chhattisgarh,Dantewada,0.7132614125221087,1.459011853234941,8,710,2398,18928
Chhattisgarh,Dhamtari,1.4106159467390527,4.566289216424954,15,1968,44713,90278
Chhattisgarh,Durg,1.1227133343199494,6.901953911224645,34,4095,77149,179851
Chhattisgarh,Gariyaband,0.8137233246917046,3.1114447686384588,36,1542,27599,52088
Chhattisgarh,Gaurela-Pendra-Marwahi,0.7442950901566797,1.2701150766036489,3,140,3425,2289
Chhattisgarh,Gaurella Pendra Marwahi,1.0257863111675571,1.2220073902293447,3,983,0,0
Chhattisgarh,Janjgir - Champa,0.5522021705175294,1.7150395625115498,15,33,215,200
Chhattisgarh,Janjgir Champa,0.6112191172654272,1.2461564252263695,19,25,236,192
Chhattisgarh,Janjgir-Champa,1.7663483080162674,5.181793686834901,24,4639,112160,180654
Chhattisgarh,Jashpur,1.6488114880773084,3.435055393019896,16,2543,71023,74603
Chhattisgarh,Kabeerdham,1.7482592886189916,4.362896444286748,5,955,27101,32517
Chhattisgarh,Kanker,1.1281133201430056,1.8205240172476862,14,1705,28840,53209
Chhattisgarh,Kawardha,2.2073997650704755,5.24182507813124,6,2142,67000,60791
Chhattisgarh,Khairagarh Chhuikhadan Gandai,0.9014786704914582,1.2238033586578123,5,246,6103,1035
Chhattisgarh,Kondagaon,1.1501289943244153,6.903767655756849,17,3038,61964,57346
Chhattisgarh,Korba,1.5209731157247968,4.920796500057207,18,3542,83374,101874
Chhattisgarh,Koriya,1.0019809791043488,3.398368601174472,18,1763,31735,60897
Chhattisgarh,Mahasamund,2.7102308531741324,4.6748059884361535,8,3361,134887,99869
Chhattisgarh,Manendragarhchirmiribharatpur,0.5180541462110022,0.5180541462110022,1,0,0,312
Chhattisgarh,Manendragarh–Chirmiri–Bharatpur,0.7238082318682554,2.0096360925776997,12,294,5113,281
Chhattisgarh,Mohalla-Manpur-Ambagarh Chowki,0.5091710954335138,0.7484370783519255,4,14,181,67
Chhattisgarh,Mohla-Manpur-Ambagarh Chouki,1.7293197662796338,2.44691322809445,4,259,19811,4595
Chhattisgarh,Mungeli,1.709982122085538,5.631655329224643,12,2957,70564,82567
Chhattisgarh,Narayanpur,1.5682431748999615,4.717306594024389,4,762,16765,22173
Chhattisgarh,Raigarh,2.0880782458951703,6.30987461093236,18,4956,83436,174626
Chhattisgarh,Raipur,1.215104643663953,6.187781493021621,47,7041,133007,192369
Chhattisgarh,Rajnandgaon,2.336738319548859,5.884229784345651,18,4185,148118,154498
Chhattisgarh,Sakti,0.9045110876565043,1.3835607154909224,8,455,9685,4024
Chhattisgarh,Sarangarh-Bilaigarh,1.0261396681289752,1.3240156558646425,8,186,8055,1043
Chhattisgarh,Sukma,1.592164209340892,3.5986856195865693,5,2179,12746,30139
Chhattisgarh,Surajpur,1.442742004700373,3.0586298844552373,13,2977,42067,71822
Chhattisgarh,Surguja,1.7985811659580047,5.55492683953422,15,3556,115683,82860
Chhattisgarh,Uttar Bastar Kanker,0.8759144437531328,1.9946230205872784,19,888,13568,30301
Dadra & Nagar Haveli,Dadra & Nagar Haveli,0.6245491687515108,0.9383537168126689,4,25,235,553
Dadra And Nagar Haveli,Dadra And Nagar Haveli,1.095634474496231,2.8893089105182574,4,832,7722,29213
Dadra And Nagar Haveli,Daman,0.8298761764537281,1.4411749439544241,3,63,1687,521
Dadra And Nagar Haveli,Diu,0.4295314733965611,0.5905275639342505,3,22,364,33
Daman & Diu,Daman,1.4280289513871045,1.678996849385976,2,9,377,1412
Daman & Diu,Diu,0.9214690314116597,1.6869443173049445,3,12,267,773
Daman And Diu,Daman,0.907114489902399,1.4530597295146166,3,58,1104,4033
Daman And Diu,Diu,0.92662219722096,1.4129959325661656,3,62,448,2730
Darbhanga,Near University Thana,0.5183882944204357,0.5183882944204357,1,0,2,0
Delhi,Central Delhi,1.545485937074491,4.206999393016486,13,3947,49047,54060
Delhi,East Delhi,3.050755282715204,6.883693801300135,10,10736,187061,122805
Delhi,Najafgarh,0.22167635976108613,0.22167635976108613,1,30,195,845
Delhi,New Delhi,0.9072867523728745,1.689103775277828,9,1637,4061,4563
Delhi,North Delhi,3.0492427573393996,5.593611817341775,6,4459,86900,60830
Delhi,North East,2.0189812902659083,3.294137963870445,3,1738,11827,46620
Delhi,North East   *,0.38134195665293835,0.38134195665293835,1,2,0,0
Delhi,North East Delhi,3.808768357648257,6.742096295662611,5,12113,141148,143096
Delhi,North West Delhi,3.359367569486229,6.819312092835404,18,16043,313989,325293
Delhi,Shahdara,2.165551182356335,5.294882333328429,5,1700,28544,7963
Delhi,South Delhi,2.438763579099198,7.077734849431105,21,13395,213489,222936
Delhi,South East Delhi,0.4902111807718065,0.4902111807718065,1,60,1169,582
Delhi,South West Delhi,1.6135383836841226,7.26729917786034,27,9255,169699,141527
Delhi,West Delhi,3.1987036465049186,7.321422084668805,11,19414,231805,173242
Goa,Bardez,0.6192017762144976,1.4235376672056759,9,2,31,40
Goa,Bicholim,0.518722442629869,0.518722442629869,1,0,4,0
Goa,North Goa,0.5881675600848054,2.3577377267225494,55,1354,18843,37771
Goa,South Goa,0.6383052085568065,2.384785674428001,43,977,16238,30584
Goa,Tiswadi,0.5182769116839578,0.518722442629869,3,0,4,2
Gujarat,Ahmadabad,0.5827594160619259,3.7252761985765077,76,6667,7760,15682
Gujarat,Ahmedabad,1.2776413498827959,5.165258649342595,90,19130,267884,405490
Gujarat,Amreli,0.6543988774198534,3.315539008366157,40,4293,27888,68514
Gujarat,Anand,0.6415876049871205,4.495383028445753,66,6980,39149,113695
Gujarat,Arvalli,0.6123509582396938,2.9366408004915585,21,2391,8096,29669
Gujarat,Banas Kantha,1.3025574232774868,4.864771716347955,28,13498,473,547
Gujarat,Banaskantha,1.8364890994362153,6.540737058286216,28,17360,75207,151757
Gujarat,Bharuch,0.6930568442993164,5.33670299800332,46,4351,49806,76378
Gujarat,Bhavnagar,1.0003252104975209,5.779847082749482,45,10174,57862,141152
Gujarat,Botad,0.6552172799608624,4.905304889024973,18,2947,7545,16256
Gujarat,Chhotaudepur,0.8887967769140609,3.4064003698573915,18,4107,9631,33802
Gujarat,Dahod,1.7935432620311007,5.3608455612297785,17,10509,35936,115675
Gujarat,Dang,1.2408655928919181,1.3761910809055113,2,872,0,0
Gujarat,Devbhumi Dwarka,0.625903382624467,3.5049162854350007,21,2490,6586,25464
Gujarat,Dohad,1.9242787919300846,4.670361621014997,15,13003,5212,15716
Gujarat,Gandhinagar,0.7182268952534552,7.225749238808905,56,5650,64588,76564
Gujarat,Gir Somnath,1.0865114063212076,3.53699944693193,19,5723,12066,36766
Gujarat,Jamnagar,0.7121463641672106,4.206081271124649,53,6078,45719,81102
Gujarat,Junagadh,0.6604505261293246,3.9435969448158934,56,5536,38045,102672
Gujarat,Kachchh,0.8024466556923109,7.081240261067333,56,9302,66789,123961
Gujarat,Kheda,0.7412177304319897,4.420418397644087,55,7567,52619,117161
Gujarat,Mahesana,0.6943066551054182,4.935026396400984,57,6490,50217,99913
Gujarat,Mahisagar,0.72460046004163,2.481223089014099,18,2563,7507,30952
Gujarat,Morbi,1.413462245681999,6.131996957998554,14,8004,19799,31879
Gujarat,Narmada,0.8332259177711466,2.332055663844328,21,1280,14757,39198
Gujarat,Navsari,0.6244106014291294,4.264272181194578,41,2757,29602,45552
Gujarat,Panch Mahals,0.6190422737766702,2.816282681951597,23,1402,417,327
Gujarat,Panchmahals,1.0149988978027207,5.323312714026072,29,6279,32470,104768
Gujarat,Patan,1.233030089694059,5.152229362161171,23,8967,29559,73949
Gujarat,Porbandar,0.7622322909927459,4.394343403168887,16,2519,14623,30985
Gujarat,Rajkot,1.1972451254466787,7.148584643998608,59,17070,137600,168711
Gujarat,Sabar Kantha,0.6226933808321314,2.9216047793677866,38,2437,643,617
Gujarat,Sabarkantha,0.6903221594803522,3.3875701268355574,46,5115,43877,90387
Gujarat,Surat,1.0932844137622388,7.3116660136884795,94,25469,357582,281599
Gujarat,Surendra Nagar,0.8468593542231928,3.775587750035826,38,6855,38759,95711
Gujarat,Surendranagar,0.5843020097500177,2.9946837263191806,28,1442,913,527
Gujarat,Tapi,0.6880323025495766,1.7608610979094508,25,2212,12190,40025
Gujarat,The Dangs,1.1918080263645578,2.084123042368486,5,1328,6581,27950
Gujarat,Vadodara,0.7777299876344083,6.316000579943726,82,12284,100027,201417
Gujarat,Valsad,0.8043226774705641,5.908449000877034,37,7448,48343,84024
Haryana,Akhera,0.5180541462110022,0.5180541462110022,1,0,0,1
Haryana,Ambala,0.8385587496570964,4.950985430829751,31,3218,33242,72756
Haryana,Bhiwani,0.9076529170835534,4.445647687685405,27,3489,34280,95625
Haryana,Charkhi Dadri,0.7383861092325591,2.621642809203935,14,858,12095,9788
Haryana,Faridabad,1.9168178181363356,7.574086374092102,19,16155,160555,118951
Haryana,Fatehabad,1.2975380876368132,4.584305099410024,16,2612,41970,69794
Haryana,Gurgaon,1.0770143164477528,7.297733249295649,35,6861,119213,70791
Haryana,Gurugram,1.5569136150094127,3.712695635423105,4,2636,0,0
Haryana,Hisar,1.2286061242106832,7.081402214684547,24,5234,63206,115867
Haryana,Jhajjar,0.8561782500512702,5.482956280246443,22,2624,32384,56639
Haryana,Jhajjar *,0.5196881245265287,0.5196881245265287,1,1,0,0
Haryana,Jind,1.6817273745503052,4.792298354280066,11,3821,44013,91268
Haryana,Kaithal,1.3866139874351975,6.06032217655758,11,2991,39974,79936
Haryana,Karnal,1.2968337923769924,5.960329152306771,15,4048,49131,94019
Haryana,Kurukshetra,1.2854873926142298,2.900572135299425,13,2404,28709,69992
Haryana,Mahendragarh,1.556155544186161,4.036871396760006,8,2754,28534,48832
Haryana,Mewat,2.646379750829264,6.817418643928853,8,7558,66667,68325
Haryana,Nuh,1.7892154083140737,2.325792031219457,2,1506,0,0
Haryana,Palwal,3.123422612243969,6.1787321610688775,6,4703,68968,58697
Haryana,Panchkula,0.941730803941844,2.9891780051932324,24,1384,34418,37369
Haryana,Panipat,1.1207575817897917,7.197226699574945,13,6088,69084,79773
Haryana,Rewari,0.9265645261874939,5.754919935612339,20,2485,44031,49732
Haryana,Rohtak,0.9541872220880052,6.740845333186076,17,3413,26531,75970
Haryana,Sirsa,1.231245385796379,5.922429301023302,19,3335,55162,97066
Haryana,Sonipat,1.0936769773049628,6.554505110492185,21,4619,60664,84653
Haryana,Yamuna Nagar,1.404843968958784,5.627063579640889,16,3396,52881,88728
Haryana,Yamunanagar,0.5684271721538642,1.495195656191293,11,59,428,882
Himachal Pradesh,Bilaspur,0.3623613519470368,0.7480401566597272,27,999,6760,21906
Himachal Pradesh,Chamba,0.7209355636479405,1.8594948539399707,26,1657,19658,33842
Himachal Pradesh,Hamirpur,0.34718690209170733,1.0162188342234297,49,1198,7320,23819
Himachal Pradesh,Kangra,0.6034720565038215,2.0504283799983427,104,3966,34127,89913
Himachal Pradesh,Kinnaur,0.5054295225840794,1.1373314306858486,15,163,1169,4467
Himachal Pradesh,Kullu,0.5089719569551922,2.4012382255193288,27,1239,9602,21248
Himachal Pradesh,Lahaul And Spiti,0.6710489774350449,0.9965900955888723,9,3,59,47
Himachal Pradesh,Lahul & Spiti,0.553457948461606,1.0436392801198235,10,38,277,595
Himachal Pradesh,Lahul And Spiti,0.6365457543028826,0.9137618720021826,10,32,233,765
Himachal Pradesh,Mandi,0.6496686296626764,1.7729808652006773,68,2514,16305,63334
Himachal Pradesh,Shimla,0.5006862753827922,2.1772443723882438,59,1670,15742,39727
Himachal Pradesh,Sirmaur,0.8240663968517624,2.682299933950564,18,1584,19418,31453
Himachal Pradesh,Solan,0.5800567983898867,2.6613932338729045,30,1176,8983,33569
Himachal Pradesh,Una,0.6059357128795305,2.2822559418771107,37,1247,9561,31549
Jaipur,Near Meera Hospital,0.5183882944204357,0.5183882944204357,1,0,2,0
Jammu & Kashmir,Anantnag,0.6288568248002189,0.6830179189840309,9,4,11,7
Jammu & Kashmir,Badgam,0.5194358368138944,0.5213049683605804,7,2,5,10
Jammu & Kashmir,Bandipur,0.3761395887921134,0.3797079783374119,2,2,0,1
Jammu & Kashmir,Baramula,0.40651821102034247,0.5254159878840607,11,47,105,69
Jammu & Kashmir,Doda,0.5080422436257416,0.5565370709871389,6,2,5,4
Jammu & Kashmir,Jammu,0.4397290881008671,0.5666917998932883,39,62,193,232
Jammu & Kashmir,Kargil,0.8444323800004903,0.9045541894916627,4,4,11,2
Jammu & Kashmir,Kathua,0.5715707301142514,0.6832029218744428,9,8,48,47
Jammu & Kashmir,Kupwara,0.6057393311543606,0.7081402065080992,5,9,7,3
Jammu & Kashmir,Leh (Ladakh),0.6937269854355368,1.1478132762618831,5,3,7,11
Jammu & Kashmir,Pulwama,0.5141114803482335,0.5848972541909221,4,4,1,2
Jammu & Kashmir,Punch,0.48087874317928064,0.5194158755552071,4,1,5,5
Jammu & Kashmir,Rajauri,0.6045140310094991,1.5530666522222143,12,2,15,12
Jammu & Kashmir,Srinagar,0.6668530968643538,0.6957781180589965,10,3,10,16
Jammu & Kashmir,Udhampur,0.5490823205869934,0.6023814976034125,6,2,3,8
Jammu And Kashmir,?,0.5180541462110022,0.5180541462110022,1,0,0,1
Jammu And Kashmir,Anantnag,1.214749917515185,2.8063295392140466,16,3350,35555,47562
Jammu And Kashmir,Badgam,0.906842187096352,3.087501415494725,15,1865,12114,14131
Jammu And Kashmir,Bandipore,1.4617043916415935,3.9721037342181695,5,1639,15894,20373
Jammu And Kashmir,Bandipur,1.1387606751521837,1.1387606751521837,1,0,1,0
Jammu And Kashmir,Baramula,1.1938817647000433,4.542350716491971,20,3747,36690,61866
Jammu And Kashmir,Budgam,1.0163975948938844,3.322942554309183,10,859,18622,23111
Jammu And Kashmir,Doda,0.9829665152007716,5.501600054120563,16,4502,11372,36775
Jammu And Kashmir,Ganderbal,0.959227124510065,1.2216568796634522,5,843,7529,13696
Jammu And Kashmir,Jammu,0.8872892723727099,2.286287140705474,43,4558,34923,98567
Jammu And Kashmir,Kargil,0.6312577163762422,1.0071703631746096,7,526,2045,2921
Jammu And Kashmir,Kathua,0.9661120450913123,2.281743981458277,21,2954,20430,40116
Jammu And Kashmir,Kishtwar,1.1935868820509958,2.0575898295679407,5,1269,5868,20920
Jammu And Kashmir,Kulgam,1.2234746242003318,4.425543546634385,5,1211,12407,25744
Jammu And Kashmir,Kupwara,2.2591705247820384,4.515911984496784,7,2875,45130,49757
Jammu And Kashmir,Leh,0.6421043424150791,1.7477091214303664,10,206,1427,2564
Jammu And Kashmir,Poonch,0.5183047573680772,0.5183882944204357,2,0,3,1
Jammu And Kashmir,Pulwama,0.9583035518681319,4.626094085031001,12,1871,21486,32830
Jammu And Kashmir,Punch,1.8503748420281152,3.417528239336205,7,2629,23435,46370
Jammu And Kashmir,Rajouri,0.9573503274860624,2.1751344731433404,14,2674,15808,55736
Jammu And Kashmir,Ramban,1.262945549338887,2.0512516578729634,5,1920,7754,29877
Jammu And Kashmir,Reasi,0.8046468978324982,2.73520457059644,11,1715,8400,23240
Jammu And Kashmir,Samba,0.6422879522474765,1.9040567047603234,13,588,5120,11225
Jammu And Kashmir,Shopian,0.9455896996573983,0.9455896996573983,1,412,0,0
Jammu And Kashmir,Shupiyan,1.8059560246007427,2.8386859162362352,2,666,8207,15529
Jammu And Kashmir,Srinagar,0.9345346259292329,3.1618846915689587,27,3256,39706,72828
Jammu And Kashmir,Udhampur,0.833574715489624,2.873518857802093,22,2806,16850,45478
Jharkhand,Bokaro,0.8218656260698513,4.758123014023233,55,5800,70673,108429
Jharkhand,Bokaro *,0.7591507896924394,0.8283238736292347,4,2,0,3
Jharkhand,Chatra,2.0727525133152143,5.715816389112324,12,6302,47296,67692
Jharkhand,Deoghar,0.9706947031323799,7.365392906324073,45,8324,60060,67426
Jharkhand,Dhanbad,0.9161107977656068,6.942726418934648,58,11031,107797,151069
Jharkhand,Dumka,1.1364957172492551,3.326179067026926,35,5825,59658,76212
Jharkhand,East Singhbhum,1.0979859040610356,3.6528914344350105,38,8191,60660,136106
Jharkhand,East Singhbum,1.1154387136915493,2.1243851828356113,4,1447,0,0
Jharkhand,Garhwa,1.5331036528234434,6.549642808194191,16,6073,40273,99458
Jharkhand,Garhwa *,0.6466111058434157,2.0124733107544874,11,381,2116,5584
Jharkhand,Giridih,2.332175330567295,7.1948209273550106,22,14303,125671,110410
Jharkhand,Godda,1.7213449231339824,4.315274429052979,15,5390,57677,80934
Jharkhand,Gumla,1.190533991230676,4.582993234392575,27,6701,46753,87878
Jharkhand,Hazaribag,0.5611724908938801,3.153166699521834,26,566,9726,7734
Jharkhand,Hazaribagh,1.041511094491514,5.414636136870807,35,6204,66645,74932
Jharkhand,Jamtara,1.9009957079681006,5.534854296114891,9,4450,33003,39641
Jharkhand,Khunti,0.9492394836085079,4.123536805126109,17,2644,21421,42955
Jharkhand,Kodarma,0.60766963282834,1.5061501443604532,9,310,3003,4898
Jharkhand,Koderma,1.4575019647386291,2.811899907148379,9,3222,24185,38143
Jharkhand,Latehar,1.3514246723765602,3.753442336689225,12,2609,38645,43463
Jharkhand,Lohardaga,0.9157763436762549,6.231871112338702,14,2959,17419,39196
Jharkhand,Pakaur,0.6789379620851087,1.553684960963623,6,297,3678,2484
Jharkhand,Pakur,1.549829572476917,6.876492585607544,12,6924,45461,37287
Jharkhand,Palamau,0.5629539231993538,2.3958454148391595,14,286,3686,2634
Jharkhand,Palamu,1.8543986190112773,5.591017405071616,24,8606,114051,113041
Jharkhand,Pashchimi Singhbhum,0.5532455381523994,3.6804780057531787,30,599,9157,14111
Jharkhand,Purbi Singhbhum,0.5978638513820487,1.558610002903037,28,986,4866,20559
Jharkhand,Ramgarh,0.7478575126552289,4.476586265486838,28,2979,35460,37237
Jharkhand,Ranchi,1.29568039995426,7.259305223333697,45,14265,103653,177774
Jharkhand,Sahebganj,2.0034302011765783,6.559756099139714,13,6321,65749,64425
Jharkhand,Sahibganj,0.5545206857904696,2.2056383566412507,10,365,2656,2097
Jharkhand,Seraikela-Kharsawan,1.1809791771481852,2.748261726939746,19,4250,34701,78588
Jharkhand,Simdega,1.351924061604858,3.052606871594402,10,2079,26085,62711
Jharkhand,West Singhbhum,1.1318635341204732,5.862985748109235,32,6848,59305,131186
Karnataka,Bagalkot,0.9746678443929246,2.890499335906851,38,7142,52661,77134
Karnataka,Bagalkot *,0.6223257747764673,1.4168736370595043,30,249,1196,1725
Karnataka,Ballari,0.6597669200275472,3.5776412998759204,47,2781,24399,37360
Karnataka,Bangalore,0.6362287291272863,2.5515691841149475,117,7016,51842,198979
Karnataka,Bangalore Rural,0.8893545038554662,4.854440100382178,32,2644,48234,38035
Karnataka,Belagavi,0.6608676243822502,2.931843013400073,111,7805,54321,79001
Karnataka,Belgaum,0.6366819641661124,2.0781695173921375,109,6743,63022,111069
Karnataka,Bellary,0.7308334294482202,2.705236268137591,49,4220,27380,68247
Karnataka,Bengaluru,1.1762476800502362,6.352407706146213,128,30980,303924,297075
Karnataka,Bengaluru Rural,1.3948959684032858,2.4001083537272563,6,2790,79,10
Karnataka,Bengaluru South,0.8356982572465154,1.9939977594682943,18,203,3714,146
Karnataka,Bengaluru Urban,1.3801689812539408,4.244159751764921,47,23074,0,0
Karnataka,Bidar,0.9804115287405937,3.1073843070102747,25,4920,43059,79708
Karnataka,Bijapur,0.4183564462159538,1.2389678247707645,45,4231,30382,55110
Karnataka,Bijapur(Kar),0.6392421190168259,1.5341065946508194,12,3,1,13
Karnataka,Chamarajanagar,0.5659673313833347,1.5962972238587503,21,249,1110,1845
Karnataka,Chamarajanagar *,0.6658625683059463,1.1983603937471843,16,23,56,62
Karnataka,Chamrajanagar,0.7165751098341007,2.3521751951223124,24,2227,15211,28965
Karnataka,Chamrajnagar,0.6058520223523147,1.2806343635487276,22,380,1936,2252
Karnataka,Chickmagalur,0.48523853239310116,2.068554192202518,47,1231,10484,21919
Karnataka,Chikkaballapur,0.8873522930113903,3.7571147281604764,29,3152,36221,41933
Karnataka,Chikkamagaluru,0.5044298015571883,2.3639289606000147,47,1151,11089,15176
Karnataka,Chikmagalur,0.49755825443232854,1.8000434134034016,37,154,712,1385
Karnataka,Chitradurga,0.8201819979598071,3.2469257601575627,40,4413,47341,61227
Karnataka,Dakshina Kannada,0.6763281693827911,1.993388474954479,102,6505,56402,78051
Karnataka,Davanagere,0.5381853869403579,1.6553008525609068,39,483,3186,6251
Karnataka,Davangere,0.7565702532614064,3.0128085623480954,46,4813,33773,89432
Karnataka,Dharwad,0.8526253372834095,4.744540465630154,40,5103,55119,87821
Karnataka,Gadag,1.019186355092584,1.870171811379917,24,4457,28744,40725
Karnataka,Gadag *,0.6072858047412645,1.537166294896076,19,145,847,1340
Karnataka,Gulbarga,0.6775521172213097,2.3503445899764506,56,4356,23699,64465
Karnataka,Hasan,0.5511605100338207,1.4716254429230935,49,993,8568,9682
Karnataka,Hassan,0.6248479338221838,3.8294198832078052,49,2494,38846,47012
Karnataka,Haveri,1.0128880860093106,4.230730182306248,29,4242,57630,68328
Karnataka,Haveri *,0.59354936603477,1.7814593797687641,20,117,964,1417
Karnataka,Kalaburagi,0.6548587686283767,4.947500905974933,43,4782,40220,70137
Karnataka,Kodagu,0.5409607354437458,2.1431422546549492,26,1211,11481,17305
Karnataka,Kolar,0.8497363689401897,5.483517737549943,39,4186,47265,64283
Karnataka,Koppal,1.051824268372118,2.5217766864441384,28,5451,43399,59812
Karnataka,Mandya,0.7632680013674665,2.2077474995100883,43,3594,40261,65779
Karnataka,Mysore,0.5909094994123553,2.303215739547628,65,3073,21231,54518
Karnataka,Mysuru,0.5286551917526303,4.515150936502172,76,4361,37185,54589
Karnataka,Raichur,1.2008424555150665,5.050571664453428,30,9779,48164,110877
Karnataka,Ramanagar,0.9492827434703213,3.190559500304008,22,2949,34834,40922
Karnataka,Ramanagara,0.6375228609918397,0.6375228609918397,1,204,0,0
Karnataka,Shimoga,0.5759103169752019,2.266475751513387,56,2260,15514,26849
Karnataka,Shivamogga,0.576119827976192,2.065961498316355,57,2229,24751,33654
Karnataka,Tumakuru,0.5961385090562727,2.4369123324651634,61,3000,28425,43561
Karnataka,Tumkur,0.5971340551838611,2.350508576841704,60,2942,26300,64761
Karnataka,Udupi,0.6177142440951852,1.654189817102665,71,3591,27375,34625
Karnataka,Udupi *,0.7032280032264243,1.0734921802049102,6,2,1,3
Karnataka,Uttara Kannada,0.5236597357502294,2.6052731472643673,76,3470,30631,43156
Karnataka,Vijayanagara,0.7322581582188785,1.7737106013395958,44,2119,14692,19948
Karnataka,Vijayapura,0.6533426900977832,3.6779635348885646,45,5596,31971,53092
Karnataka,Yadgir,1.177803441372042,3.6943449704008513,23,6947,35433,65183
Kerala,Alappuzha,0.5313045422123751,1.916647296237187,117,3559,36835,87629
Kerala,Ernakulam,0.5238791463885291,2.5463388163068776,139,6324,66207,148755
Kerala,Idukki,0.6011309016497317,1.5349935333606401,57,1698,15492,47933
Kerala,Kannur,0.5473482266607509,2.537954960934262,101,5965,57710,119399
Kerala,Kasaragod,0.723735389247446,1.8365248993831258,31,3555,28358,71756
Kerala,Kasargod,0.5599061019036581,1.1768158722562285,28,315,1869,2138
Kerala,Kollam,0.5880015192431285,2.189310435774233,115,5069,53100,127311
Kerala,Kottayam,0.5294733245926609,1.87570769753847,125,3321,30210,78215
Kerala,Kozhikode,0.6809369612997633,2.5220007031086054,92,6704,89927,152186
Kerala,Malappuram,0.8352390234782799,2.8327465758424015,100,14567,152390,224009
Kerala,Palakkad,0.530776316465821,2.372700130227594,138,6724,49996,159847
Kerala,Pathanamthitta,0.5411802975780483,1.9204501529511615,112,1951,21035,59370
Kerala,Thiruvananthapuram,0.5793454800632288,1.9929794485759105,131,6663,64938,148817
Kerala,Thrissur,0.5202062186091386,2.1020478716347544,169,7071,58820,145512
Kerala,Wayanad,0.6970143021493368,1.9551197833062546,20,1516,18065,36853
Ladakh,Kargil,0.6730179640252986,1.052424479844656,7,492,2489,2942
Ladakh,Leh,0.6698162323842912,1.0609465114627743,8,125,3246,2821
Lakshadweep,Lakshadweep,0.5645228282150708,0.9335601474136456,9,203,1176,4820
Madanapalle,Kadiri Road,0.5183882944204357,0.5183882944204357,1,0,2,0
Madhya Pradesh,Agar Malwa,1.4328862959364634,2.7697188293984363,6,2537,9884,16813
Madhya Pradesh,Alirajpur,1.6341077997381186,5.540765741035403,12,7010,21594,62133
Madhya Pradesh,Anuppur,0.8991297734079223,3.748664131654101,28,3226,26195,71350
Madhya Pradesh,Ashok Nagar,1.8544321202925476,5.283297970805269,12,5178,45017,74376
Madhya Pradesh,Ashoknagar,2.158685729199927,3.0358112334600444,3,3011,0,0
Madhya Pradesh,Balaghat,1.3931738666117146,4.2214555469252915,28,6805,79292,126762
Madhya Pradesh,Barwani,2.8326388963972313,7.210995044960547,12,21823,82759,143427
Madhya Pradesh,Betul,1.376825709152664,5.55922016763209,23,8166,48246,155822
Madhya Pradesh,Bhind,1.756506852107276,7.108733913487364,22,13967,58016,83365
Madhya Pradesh,Bhopal,1.1685490314754898,7.38118682178053,42,12862,90864,186438
Madhya Pradesh,Burhanpur,1.8641265815099872,6.156693783842722,9,9689,16543,74141
Madhya Pradesh,Chhatarpur,2.1165529990656187,6.146041167508402,26,17836,79858,158531
Madhya Pradesh,Chhindwara,1.528212178270356,6.501006970487418,27,8981,89422,140191
Madhya Pradesh,Damoh,1.5874655285696846,5.0323872187167416,18,6066,55454,134483
Madhya Pradesh,Datia,1.7334669841100212,6.803596294445569,10,5843,36445,47034
Madhya Pradesh,Dewas,1.5287539611246905,7.102104376198973,20,10442,47249,119901
Madhya Pradesh,Dhar,1.6604644976106746,7.17311731723892,26,12712,87455,146391
Madhya Pradesh,Dindori,1.3282006073819836,3.4669428386653633,18,2659,47417,61476
Madhya Pradesh,East Nimar,0.8040416379663272,2.972822932751587,21,3859,9607,40363
Madhya Pradesh,Guna,1.4600800589594798,7.177140819166305,22,9811,52953,132886
Madhya Pradesh,Gwalior,2.0566478390603242,6.9703981083094035,21,18542,81719,127120
Madhya Pradesh,Harda,1.7760168991734808,3.021172371673782,4,2134,10167,37769
Madhya Pradesh,Harda *,0.7075634751643894,1.4255537828419163,7,610,2094,10172
Madhya Pradesh,Hoshangabad,1.051627617593807,3.6539528664581145,22,5982,12403,97056
Madhya Pradesh,Indore,2.0310952266855056,7.4177029894345115,33,22303,186687,221624
Madhya Pradesh,Jabalpur,1.5808306015670806,6.9896638129052615,31,12467,92051,158664
Madhya Pradesh,Jhabua,1.5062131714236453,7.219464705387553,19,13488,41462,88726
Madhya Pradesh,Katni,1.7586823913341152,7.030201149527738,17,10941,56942,98452
Madhya Pradesh,Khandwa,0.9036972382935407,4.847140135009066,20,4521,17730,59018
Madhya Pradesh,Khargone,1.5867027409492533,5.579336595276149,26,15039,40980,169201
Madhya Pradesh,Maihar,0.6838631188744695,1.2750573144203945,8,418,4017,1521
Madhya Pradesh,Mandla,1.314004197300641,4.322291783407946,23,4911,56981,62247
Madhya Pradesh,Mandsaur,1.5315259929694578,3.2042773124009756,22,8276,54055,92460
Madhya Pradesh,Mauganj,0.6374433922949796,1.7476084152386573,9,438,4086,1061
Madhya Pradesh,Morena,2.9997079316502946,7.216099127237255,15,22381,110417,145559
Madhya Pradesh,Narmadapuram,0.6490886104516562,1.5741708460446466,18,737,5909,6850
Madhya Pradesh,Narsimhapur,0.5768791929222005,1.9039112008951704,16,1189,4286,10348
Madhya Pradesh,Narsinghpur,1.0895211006839582,4.645594427686401,17,5174,26197,63117
Madhya Pradesh,Neemuch,1.37879339965756,5.686575452166778,15,4964,36976,57011
Madhya Pradesh,Niwari,0.5446631225076908,1.1234535642389512,9,142,1739,2295
Madhya Pradesh,Pandhurna,0.4811680944223265,1.3093986540685303,9,98,821,377
Madhya Pradesh,Panna,1.9024873628506733,5.663296895351353,16,9339,42825,98039
Madhya Pradesh,Raisen,1.340911756721156,4.227619045731757,23,7567,42813,116648
Madhya Pradesh,Rajgarh,1.6813823967384414,3.5096599728600255,17,8171,42280,165229
Madhya Pradesh,Ratlam,1.5873880527969213,7.153662478344936,19,7982,79423,134947
Madhya Pradesh,Rewa,1.397952815056184,4.54821095240602,34,10838,83134,194959
Madhya Pradesh,Sagar,1.6907247373176266,5.812934158761233,30,13841,87877,192725
Madhya Pradesh,Satna,1.7278678320587866,7.069132652650455,26,13276,87053,172713
Madhya Pradesh,Sehore,1.1705007271251446,5.114955549081724,20,6518,27869,118002
Madhya Pradesh,Seoni,1.6833315190470903,5.455129298327824,18,6081,74283,85752
Madhya Pradesh,Shahdol,1.1063352314022756,5.537637717076521,29,5297,54777,94572
Madhya Pradesh,Shajapur,1.1384237765449012,4.420530982319223,28,7025,31225,126641
Madhya Pradesh,Sheopur,2.8989967366993454,6.73064535786074,6,7230,38806,56268
Madhya Pradesh,Shivpuri,1.5055629363653744,7.425795564693257,25,12741,68930,166572
Madhya Pradesh,Sidhi,1.4714641348524637,7.102612376818588,18,6292,54093,121207
Madhya Pradesh,Singrauli,1.5128432208712466,7.025691284025064,16,6550,56704,108430
Madhya Pradesh,Tikamgarh,1.467070129686816,4.157577174403316,20,7242,51168,160616
Madhya Pradesh,Ujjain,1.915589265441333,6.532538586254224,25,14308,76708,149951
Madhya Pradesh,Umaria,1.4612377912209065,7.016622452654282,14,5300,29625,39261
Madhya Pradesh,Vidisha,1.9872231867076189,6.158176431424184,15,10374,49297,124890
Madhya Pradesh,West Nimar,0.49836918736610825,2.1965822236919172,23,760,2059,9818
Maharashtra,Ahilyanagar,0.646475933367099,1.9409374881408894,87,13,2418,17
Maharashtra,Ahmadnagar,1.1567657696410008,3.5531910315688653,94,11836,227667,363561
Maharashtra,Ahmed Nagar,0.5595621949701368,1.9531719756762913,75,340,5595,5839
Maharashtra,Ahmednagar,0.8639478657756942,0.8994022265713605,2,368,0,0
Maharashtra,Akola,1.1623085207284085,5.190190102435513,34,4708,62082,185085
Maharashtra,Amravati,1.3163441199306951,6.040565230176762,43,6915,96191,338283
Maharashtra,Aurangabad,1.1375365032756715,7.585209860184177,51,17393,155129,311373
Maharashtra,Beed,1.8995259590843026,7.2615029460376315,28,10185,171151,255495
Maharashtra,Bhandara,1.294049690601114,2.4245759229356305,22,1903,37894,102204
Maharashtra,Bid,0.6051715916858696,2.077465860293211,27,568,11918,9892
Maharashtra,Buldana,0.8257502962315643,2.778934643940487,32,1075,22941,35737
Maharashtra,Buldhana,1.518303731203781,4.943001124461845,32,7084,114172,219501
Maharashtra,Chandrapur,1.516954163549464,5.03172450571774,35,4475,112071,213634
Maharashtra,Chatrapati Sambhaji Nagar,0.9925738501329473,2.7077457004281453,4,211,7640,2204
Maharashtra,Chhatrapati Sambhajinagar,0.5934440585684315,2.5969951735788936,45,1010,14738,4867
Maharashtra,Dharashiv,0.6284568938255847,1.6782999370173846,26,144,3188,643
Maharashtra,Dhule,1.3170091499257908,6.090902305910974,32,12605,61908,197854
Maharashtra,Dist : Thane,0.5182212203157189,0.5182212203157189,1,0,1,0
Maharashtra,Gadchiroli,1.610372328978472,2.45734539287243,16,2374,52698,140665
Maharashtra,Gondia,0.7602546177994363,1.1316288453847059,10,29,975,865
Maharashtra,Gondiya,1.9000432694808354,3.6197131412462875,14,2890,63618,96514
Maharashtra,Gondiya *,0.8075884146173301,1.538610715063929,12,57,2008,1408
Maharashtra,Hingoli,2.3553043049746507,6.807726940889179,15,8189,96551,117064
Maharashtra,Hingoli *,0.6449983321097206,1.1522738533904435,5,1,3,9
Maharashtra,Jalgaon,1.162630240982731,6.99763536738212,66,13260,151076,417384
Maharashtra,Jalna,1.3215270426182033,5.059308713902202,30,5590,79540,192692
Maharashtra,Kolhapur,0.9983220777599702,3.8701215393732866,79,7480,129934,271084
Maharashtra,Latur,1.6885236793051148,6.770369799011991,27,7607,125627,246741
Maharashtra,Mumbai,0.8234506979459297,4.468894361256472,144,14552,135483,404359
Maharashtra,Mumbai City,0.7648105141297928,4.354872466103936,38,2929,51875,47571
Maharashtra,Mumbai Suburban,1.3817285201027747,7.3217104777895194,57,18216,192977,174190
Maharashtra,Mumbai( Sub Urban ),0.5538873483748149,1.8032516644569259,56,419,3641,4927
Maharashtra,Nagpur,1.2016341758740812,5.572874687291219,70,11828,158901,350923
Maharashtra,Nanded,1.9784413601074282,6.118155983526662,44,11947,236789,342540
Maharashtra,Nandurbar,1.5553854600566361,6.6214107912515185,20,10516,41044,199747
Maharashtra,Nandurbar *,0.6138480549803222,1.1187661194350986,17,140,600,1645
Maharashtra,Nashik,1.258279267041039,7.47142835939229,77,22368,246100,576606
Maharashtra,Osmanabad,1.5511797918269208,5.207454676669605,29,4026,108833,155055
Maharashtra,Palghar,1.344685203734259,7.247709601568593,39,10699,122107,157952
Maharashtra,Parbhani,2.1057612612285483,5.874772916423959,20,6272,116829,184026
Maharashtra,Pune,1.2764474199121771,6.307134478085682,152,31763,438478,605762
Maharashtra,Raigad,0.5113367428033871,7.247243268041,64,3433,42361,14025
Maharashtra,Raigarh,0.7820697406996386,5.74330158958049,64,5230,85867,156663
Maharashtra,Raigarh(Mh),0.5636885919575114,1.767690201066411,34,88,853,500
Maharashtra,Ratnagiri,0.9326015794722455,2.711192614943043,74,2603,53009,139189
Maharashtra,Sangli,0.9038910425637122,5.234434819007867,69,7632,89884,223013
Maharashtra,Satara,0.8185060723104014,6.018170805277671,80,6021,98223,209569
Maharashtra,Sindhudurg,0.7642768349684174,2.5911982400018507,54,1202,27892,48377
Maharashtra,Solapur,1.4907783848045821,6.670203670785703,71,12292,265546,334507
Maharashtra,Thane,1.4654698637692434,7.516505121108549,96,43688,447253,571273
Maharashtra,Wardha,1.1366023389000803,4.1471545731971835,21,1953,30342,126459
Maharashtra,Washim,1.4951893738255964,5.469317995342057,17,3386,53874,138620
Maharashtra,Washim *,0.8099540555751158,1.142259250413687,11,32,995,839
Maharashtra,Yavatmal,2.1450103468962096,6.27216160348042,34,7594,196112,327187
Manipur,Bishnupur,2.037742794731182,4.907099654781565,7,1117,42055,30309
Manipur,Chandel,0.9086312662859533,2.633741944614642,10,759,8989,8683
Manipur,Churachandpur,0.9318191262013725,7.026179039601346,13,4638,19273,18812
Manipur,Imphal East,1.719377249920322,4.468070499316867,15,1132,56020,59274
Manipur,Imphal West,1.776788422698464,4.553701112602694,15,1236,59350,61311
Manipur,Jiribam,0.779491580887727,0.875754348259928,2,145,1997,1966
Manipur,Kakching,1.0181678455017653,1.5608991618463377,4,109,3325,2047
Manipur,Kangpokpi,0.5182212203157189,0.5182212203157189,3,0,3,0
Manipur,Pherzawl,0.724481824339159,1.0706529921706707,3,11,176,2
Manipur,Senapati,0.7692754366781454,1.9844479096451264,31,1501,25510,22596
Manipur,Tamenglong,0.972362011505826,2.6144320122245874,8,960,10431,7854
Manipur,Thoubal,2.3087131205746783,4.2614160761776345,9,1067,59244,56043
Manipur,Ukhrul,1.184915979140984,3.4645081850353634,6,781,15176,13690
Meghalaya,East Garo Hills,1.3864734655960071,5.307014530452188,10,6052,6345,2724
Meghalaya,East Jaintia Hills,2.077779549905955,4.737429061093921,5,5133,3394,2782
Meghalaya,East Khasi Hills,1.7812554273346348,5.549759893325396,33,28812,16360,21004
Meghalaya,Eastern West Khasi Hills,1.4565520731220114,2.1370403209112228,2,818,306,8
Meghalaya,Jaintia Hills,0.6041588922744052,0.9571759509291033,4,4,25,8
Meghalaya,Kamrup,0.7936197381940638,0.7936197381940638,1,143,0,0
Meghalaya,North Garo Hills,1.3544336127814642,3.6585925605444087,9,3069,3832,1243
Meghalaya,Ri Bhoi,1.6516799912739517,5.032540831227313,13,9308,8216,4524
Meghalaya,South Garo Hills,2.2768948088707694,4.29539473946149,5,4441,4004,1285
Meghalaya,South West Garo Hills,1.9430353765998902,4.442699692283646,6,4956,7182,4915
Meghalaya,South West Khasi Hills,1.8967152939785912,4.611401436577915,5,3446,4740,3432
Meghalaya,West Garo Hills,2.657488410791728,4.963115195393885,11,15875,14970,33470
Meghalaya,West Jaintia Hills,3.3246299543181506,5.13686388291889,4,11816,7460,6177
Meghalaya,West Khasi Hills,1.7326271232721755,6.2916393534845145,8,15898,10544,6054
Mizoram,Aizawl,0.7304418038971632,1.8939714913129668,20,1059,12892,37677
Mizoram,Champhai,1.0280498275431764,3.377547500593388,6,1165,6469,15968
Mizoram,Hnahthial,0.6562927278115251,0.9312662240701206,3,2,47,17
Mizoram,Khawzawl,0.757092741955198,0.7674322598337083,2,36,35,8
Mizoram,Kolasib,0.7423865624653495,1.894632180487633,10,275,3867,10931
Mizoram,Lawngtlai,1.1324275018705305,3.173952297914012,5,1642,4395,13430
Mizoram,Lunglei,0.8304480376990337,2.103880496793353,10,726,7323,15289
Mizoram,Mamit,0.7596550788504525,1.4869517176631777,7,171,1809,10715
Mizoram,Mammit,0.6427544537726063,1.199629333920446,9,79,636,2857
Mizoram,Saiha,0.9104876238627885,1.5752878161343449,3,657,1851,5756
Mizoram,Saitual,0.6359560010202066,1.0716958083957087,4,12,127,77
Mizoram,Serchhip,1.0404688935637043,1.7081428678611108,5,102,2455,7604
Nagaland,Chumukedima,0.723936391704743,1.3848697622114123,5,184,1837,651
Nagaland,Dimapur,1.0747116787686741,5.278964154255602,9,3196,8215,25223
Nagaland,Kiphire,1.2464611938695611,2.8110293480474366,3,908,1958,4310
Nagaland,Kohima,0.807925626556987,3.2583805187342927,10,1621,3308,13953
Nagaland,Longleng,1.1670826782142907,2.563656597744214,3,889,820,2674
Nagaland,Meluri,0.5721745519388935,0.5721745519388935,1,17,96,865
Nagaland,Mokokchung,0.6169902974317432,2.083716450214858,8,490,2696,8545
Nagaland,Mon,1.737344990352274,2.7727260285427198,4,2223,4662,14044
Nagaland,Niuland,0.5936129858872307,0.7423683413420993,3,31,373,285
Nagaland,Noklak,1.058753107577,1.058753107577,1,354,447,747
Nagaland,Peren,0.9641837794262241,3.696466416493175,6,1454,1804,4584
Nagaland,Phek,0.9637637302433323,1.170808789876536,5,1043,1468,8758
Nagaland,Shamator,0.9637734194603155,0.9637734194603155,1,247,433,170
Nagaland,Tseminyu,0.7226040741823914,0.7715553919180832,2,32,91,186
Nagaland,Tuensang,0.9451981661915462,3.7290546602029657,7,1579,4239,9708
Nagaland,Wokha,0.8631477580713529,2.1848498519583233,4,558,1905,6927
Nagaland,Zunheboto,0.8160296900283797,2.563305158320819,7,761,2439,7963
Nagpur,Near Uday Nagar Nit Garden,0.5182212203157189,0.5182212203157189,1,0,1,0
Odisha,Angul,0.7716118448337995,2.4063796196692855,36,3010,29464,64053
Odisha,Anugal,0.3334307483633879,0.3334307483633879,1,3,11,4
Odisha,Anugul,0.7048989911135322,1.7053087215430176,22,156,1603,1899
Odisha,Balangir,1.0387301485572313,3.1008271602871282,31,5234,37804,88973
Odisha,Baleshwar,0.6330723415355883,1.815851488944421,62,845,10283,21064
Odisha,Baleswar,0.7423619619318358,2.217833485132617,54,6015,43208,104663
Odisha,Balianta,0.5182212203157189,0.5182212203157189,1,0,1,0
Odisha,Bargarh,1.0212064324992485,3.292261137198413,32,5150,34705,80792
Odisha,Baudh,0.8058457699569366,1.4715678228671922,6,171,1126,4840
Odisha,Bhadrak,0.8620594095539961,2.8610488663182756,46,4520,40043,92075
Odisha,Bhadrak(R),0.5182212203157189,0.5182212203157189,1,0,1,0
Odisha,Boudh,0.7342122230176157,1.7144330246594797,14,1424,9187,24307
Odisha,Cuttack,0.7930132990862766,2.663831030390826,88,5080,48636,134761
Odisha,Debagarh,0.9085108495000029,2.2755172506974515,9,876,7982,16247
Odisha,Dhenkanal,1.0785387895010643,2.4072659171760598,23,2891,29303,76075
Odisha,Gajapati,0.9185782037894523,2.9123295601376054,25,1994,21324,58942
Odisha,Ganjam,0.9216567572769876,2.3016322637182065,81,7714,94585,181851
Odisha,Jagatsinghapur,0.7937161578639759,2.9962797890541792,31,3149,15608,48175
Odisha,Jagatsinghpur,0.4716645831590751,2.2408225326862876,33,694,5173,12093
Odisha,Jajapur,0.7779515185348789,1.9782373210650934,57,2497,26249,59354
Odisha,Jajpur,0.5963127415750394,1.7193082901122616,45,2507,18971,37046
Odisha,Jharsuguda,0.8138095906828674,2.2731894148624363,25,1157,16671,25789
Odisha,Kalahandi,1.0311353149444642,2.1976153069702082,29,4485,47377,94910
Odisha,Kandhamal,0.9375990284501566,3.2646136334536746,28,3049,31772,59713
Odisha,Kendrapara,0.8303715471536265,2.7821209201789916,50,3962,39680,78148
Odisha,Kendujhar,0.9346369763589563,2.955132492058189,49,5377,54065,101944
Odisha,Khorda,0.6833538669620226,1.8689177079824733,72,4315,37593,94318
Odisha,Khordha,0.5269098180716502,1.984424604125353,64,496,4608,8995
Odisha,Koraput,0.9311563646075016,2.9174972409606026,38,4383,41430,103982
Odisha,Malkangiri,1.3484111384267934,3.0354278574013067,11,2823,20854,48015
Odisha,Mayurbhanj,0.826346021434391,2.610103510484918,69,8122,71471,156918
Odisha,Nabarangapur,1.4712940995551511,3.806939839122926,18,6229,41822,90575
Odisha,Nabarangpur,0.9913627709883535,0.9913627709883535,1,442,0,0
Odisha,Nayagarh,0.9106065104072278,2.4864836334237044,31,2362,22895,60844
Odisha,Nuapada,1.1576082593854073,2.112698557985682,8,2120,18243,46951
Odisha,Puri,0.8438178518760125,2.6496527615927925,40,3511,30837,71481
Odisha,Rayagada,1.0349341781107275,3.083468522666269,21,3045,31473,58871
Odisha,Sambalpur,0.8663497999005502,2.808364206719801,35,2552,30078,52190
Odisha,Sonapur,1.0718095518536956,1.9598210569120769,9,1488,13163,26255
Odisha,Subarnapur,0.6179621322485597,1.1499723446858938,10,399,4309,6475
Odisha,Sundargarh,0.6643329430097099,1.7787212110047488,47,591,7024,15031
Odisha,Sundergarh,0.6425496393572243,2.4084816521098595,58,4000,42675,94258
Orissa,Angul,0.6534789287191068,0.6536460028238236,3,0,3,2
Orissa,Anugul,0.48266874160972645,0.6712796009134819,30,51,210,206
Orissa,Anugul  *,0.5180541462110022,0.5180541462110022,1,0,0,1
Orissa,Balangir,0.35989571386562685,0.6155817120858089,28,436,4790,12073
Orissa,Baleshwar,0.4672053213183783,1.3628673218464333,50,384,2004,3772
Orissa,Baleswar,0.8335165091706768,0.8583524513805814,12,3,6,11
Orissa,Bargarh,0.4540881728346399,0.7389004964410271,18,89,766,1015
Orissa,Baudh,0.46426896877605195,0.5352443078779558,7,4,4,5
Orissa,Bhadrak,0.3425495882436194,0.6492625156155905,37,371,2607,5605
Orissa,Cuttack,0.3891098661170403,0.7873242124945653,62,322,2035,6307
Orissa,Debagarh,0.4529511562837306,0.5319685878106969,4,7,7,5
Orissa,Dhenkanal,0.40674458316181045,0.6174110595553535,21,126,680,1572
Orissa,Gajapati,0.4382752312508091,0.5225530648157359,17,8,64,66
Orissa,Ganjam,0.5448949795335051,0.7126741776856966,70,402,4254,7011
Orissa,Jagatsinghapur,0.4635709469891963,0.5617772892394953,25,35,81,227
Orissa,Jajapur,0.39498913358198334,0.5456737502097618,38,111,484,759
Orissa,Jajapur  *,0.5182212203157189,0.5182212203157189,3,0,3,0
Orissa,Jharsuguda,0.5186628871102741,0.5824514161157702,12,25,115,67
Orissa,Kalahandi,0.6400941920501259,0.7196249512211839,14,11,18,14
Orissa,Kandhamal,0.4403434268744295,0.7013531842524533,19,32,273,226
Orissa,Kendrapara,0.4406506514817456,0.5335820515126699,35,53,239,238
Orissa,Kendrapara *,0.3797079783374119,0.3797079783374119,1,1,0,0
Orissa,Kendujhar,0.4647182471650003,0.5673687950658594,35,49,373,289
Orissa,Khorda,0.8008650952696885,0.8177751212822708,9,2,5,4
Orissa,Khordha,0.6039780654640986,1.8479877891217962,62,726,4048,13629
Orissa,Khordha  *,0.5180541462110022,0.5180541462110022,1,0,0,1
Orissa,Koraput,0.3684469181373029,0.5614379609946795,24,119,830,1229
Orissa,Malkangiri,0.4101777604303836,0.5597842540676464,9,47,218,221
Orissa,Mayurbhanj,0.6555920520133683,0.7197298652206099,51,32,50,67
Orissa,Nabarangapur,0.626979047595564,0.6504408521925544,10,3,14,11
Orissa,Nayagarh,0.3904565724361675,0.5906658696289127,24,104,617,1188
Orissa,Nuapada,0.9510163480255779,1.053320933163473,3,2,2,2
Orissa,Puri,0.3223635557446929,0.5833618908015532,33,220,2026,3442
Orissa,Rayagada,0.5428009005101873,0.6434365209611973,14,181,898,1428
Orissa,Sambalpur,0.41609630148808685,0.6396699860055214,23,25,242,132
Orissa,Sonapur,0.5917485255284547,0.63018940788125,6,22,104,70
Orissa,Subarnapur,0.540328212581092,0.540328212581092,1,6,51,30
Orissa,Sundargarh,0.571342464792625,0.9988996407288969,49,139,636,1156
Orissa,Sundergarh,0.773242695257449,0.774398705612706,4,1,1,2
Pondicherry,Cuddalore,0.9507441867441497,0.9507441867441497,2,0,0,6
Pondicherry,Karaikal,0.43978826566727774,0.615938477752761,8,162,904,2733
Pondicherry,Pondicherry,0.6889203919457946,2.027699282871869,27,1084,6327,24718
Pondicherry,Viluppuram,0.9343393349481627,0.9343393349481626,5,0,0,8
Pondicherry,Yanam,0.5451472597751916,0.5451472597751916,1,26,228,122
Puducherry,Karaikal,0.7273585559736258,1.9442461039986858,8,405,5418,13513
Puducherry,Pondicherry,0.5712408699533754,0.6243606297704091,14,3,27,53
Puducherry,Puducherry,0.7035703330312374,1.7457099838809325,28,1330,19774,28654
Puducherry,Yanam,0.3953041632961036,0.3953041632961036,1,7,85,101
Punjab,Amritsar,0.7058284476530083,7.406364112687447,56,9655,99075,155008
Punjab,Barnala,0.8272339551490209,2.699919390144342,13,1013,13504,35539
Punjab,Bathinda,1.0068520522711841,5.199298644635853,23,2704,37420,96740
Punjab,Faridkot,1.0619178654830486,3.114986070838271,9,902,14722,39412
Punjab,Fatehgarh Sahib,0.7680862436358377,2.9878790297301565,23,1048,15346,37399
Punjab,Fazilka,1.181452361041411,3.3310154245326737,14,1911,31662,61395
Punjab,Ferozepur,0.9586362110969862,3.5593440564505365,22,1381,28195,55330
Punjab,Firozpur,0.746605119770332,1.616149787412128,24,395,6524,11480
Punjab,Gurdaspur,0.9059079967126127,6.954707702963862,38,5120,71972,119235
Punjab,Hoshiarpur,0.620935156353868,7.079985963623827,57,4134,46549,92764
Punjab,Jalandhar,0.7355816680103716,3.250220706166509,76,4118,51131,141270
Punjab,Kapurthala,0.7642406016491483,5.317540446167571,29,3726,13872,54103
Punjab,Ludhiana,0.9230017903413664,7.2755251034306445,74,17614,119703,190927
Punjab,Malerkotla,0.9253828518591066,3.8979531171657196,7,865,15099,13787
Punjab,Mansa,1.170588893932645,3.5805155931707313,12,1124,23555,59039
Punjab,Moga,0.8594056305876072,4.140428539516457,24,1535,24046,61344
Punjab,Muktsar,0.6132735377905131,1.4827062823047752,14,334,3551,8879
Punjab,Nawanshahr,0.6448446501079809,1.7737409611861077,30,192,2958,4189
Punjab,Pathankot,0.7531023726005392,3.2981471480400337,15,1115,14496,26596
Punjab,Patiala,1.088008050733722,7.283064662089421,27,5150,89052,119311
Punjab,Rupnagar,0.7285438526505306,2.2052688835552736,35,1246,13705,45453
Punjab,S.A.S Nagar,1.4041311681217663,1.4041311681217663,1,705,0,0
Punjab,S.A.S Nagar(Mohali),0.48129466934645293,1.6914281861717022,23,277,2321,2735
Punjab,Sangrur,1.082467526216365,3.1152592491568436,23,2329,29915,82470
Punjab,Sas Nagar (Mohali),0.8629129609334404,5.560660140919657,30,2953,58072,57841
Punjab,Shaheed Bhagat Singh Nagar,0.5822872911474333,1.691995100138858,32,946,6344,30500
Punjab,Sri Muktsar Sahib,0.992171097659113,2.70996850513481,16,1315,21691,56223
Punjab,Tarn Taran,0.7178410542195738,3.9430850132177433,33,2939,27415,80702
Puttenahalli,5Th Cross,0.5182212203157189,0.5182212203157189,1,0,1,0
Raja Annamalai Puram,Near Dhyana Ashram,0.5182212203157189,0.5182212203157189,1,0,1,0
Rajasthan,Ajmer,0.8861123325615454,7.264086449891499,55,12135,124036,141858
Rajasthan,Alwar,1.31571890607147,7.49339014397961,49,23383,144744,223449
Rajasthan,Balotra,0.6484993520574859,2.2844744985731955,14,1,503,6
Rajasthan,Banswara,1.785998651930663,6.00201617996285,20,7263,101294,93711
Rajasthan,Baran,1.7673318978300219,5.423554842258708,18,6267,78758,80256
Rajasthan,Barmer,1.9653408470557339,6.105533468476458,27,15851,111721,196765
Rajasthan,Beawar,0.6211245067853478,2.4357919896774107,19,1,510,8
Rajasthan,Bharatpur,1.6833180017695943,7.317509247002984,33,17054,105063,141155
Rajasthan,Bhilwara,1.3229467829581965,6.054214200380896,36,11083,97739,120019
Rajasthan,Bikaner,1.3059400037104405,7.423332424049499,27,13283,81652,130871
Rajasthan,Bundi,1.2825657278603968,4.287103263542214,18,4872,48701,62857
Rajasthan,Chittaurgarh,0.5345518457770626,1.9009307900432721,41,357,2065,2238
Rajasthan,Chittorgarh,0.9159164960245081,4.241739744526071,37,5986,61824,62598
Rajasthan,Churu,1.496023095141917,6.589899428457471,27,12780,76097,133224
Rajasthan,Dausa,0.9606711595498825,3.5343155336619674,38,6133,50267,106330
Rajasthan,Deeg,0.7867989196946369,1.3837746330717953,13,69,1299,158
Rajasthan,Dhaulpur,0.4805827508917509,1.6605555726362033,12,139,488,400
Rajasthan,Dholpur,2.4218260328142196,6.463606419075242,13,8580,77555,74417
Rajasthan,Didwana-Kuchaman,0.6324031513901662,2.264473450032358,26,2,720,8
Rajasthan,Dungarpur,1.3952235451172292,4.135002038218722,26,6571,95308,86558
Rajasthan,Ganganagar,0.992762863913177,5.5207583900542,34,5504,69218,102528
Rajasthan,Hanumangarh,1.485642875708972,5.947373990051005,19,4940,77237,96633
Rajasthan,Jaipur,1.323845271319299,7.320327835827954,86,31146,275340,355884
Rajasthan,Jaisalmer,0.8923726235765074,4.876867672494937,17,2854,21384,44977
Rajasthan,Jalor,1.8533841708202352,7.219783270138598,22,13991,66690,99786
Rajasthan,Jalore,0.6519014754230641,2.5773906744096355,21,494,1036,20
Rajasthan,Jhalawar,1.761483941690249,2.7177335529884235,19,7036,81092,80112
Rajasthan,Jhunjhunu,0.5099121341017774,1.7728138453434992,48,311,2742,1941
Rajasthan,Jhunjhunun,0.7925532210827043,3.2658308463541883,50,7611,54652,110392
Rajasthan,Jodhpur,1.3786712108324082,7.529137417887791,44,22215,139970,219033
Rajasthan,Karauli,1.175501616777635,6.3460035530755485,25,8636,58446,80971
Rajasthan,Khairthal-Tijara,0.53410844881878,0.5736898230816642,11,0,1057,15
Rajasthan,Kota,1.2619774155317587,3.7463272886401846,33,7525,93066,93354
Rajasthan,Kotputli-Behror,0.5222628224679134,0.5349286307873892,21,0,529,7
Rajasthan,Nagaur,1.0669105460666053,6.289438433794635,47,17267,103427,205368
Rajasthan,Pali,0.8644687455915444,6.032156848242297,44,9114,66337,155910
Rajasthan,Phalodi,0.5208944059911861,0.5305847040647549,12,0,204,2
Rajasthan,Pratapgarh,1.2609148436912183,4.785157352103326,20,3794,48556,56287
Rajasthan,Rajsamand,0.8579086617722775,3.5121982342329523,35,4512,47170,61962
Rajasthan,Salumbar,0.608341655933658,1.7503352024320087,14,1,213,1
Rajasthan,Sawai Madhopur,0.9285751698697301,6.249817435863507,28,6744,45155,81422
Rajasthan,Sikar,0.8230523552653974,6.525040467008611,56,11400,78337,161613
Rajasthan,Sirohi,1.4160710651016373,6.611422241395797,19,10732,41293,70150
Rajasthan,Tonk,1.3569355446007525,7.021928539224127,16,5915,56628,79923
Rajasthan,Udaipur,1.3400284857360203,7.135765970698241,47,14906,127492,179778
Sikkim,East,0.6026488418577793,1.1069952718224214,11,370,5867,5523
Sikkim,East Sikkim,0.5229987789012106,1.3326535238972173,12,339,3513,4089
Sikkim,Mangan,0.7444321439484471,1.3326503645073442,5,3,67,0
Sikkim,Namchi,0.7454524596978898,0.9995674438691738,6,24,282,5
Sikkim,North,0.4887933065173175,1.065148903870794,6,44,443,307
Sikkim,North Sikkim,0.4495230126002852,1.0456915740639403,6,62,446,918
Sikkim,South,0.6510043162183656,1.8014250487732548,10,197,3739,3050
Sikkim,South Sikkim,0.579354118261748,1.7371389052766357,8,459,1409,2053
Sikkim,West,0.6482838731706321,1.0802873588599495,4,208,2553,3584
Sikkim,West Sikkim,0.8349064831603362,0.9195166091905365,3,501,2021,3291
Tamil Nadu,Ariyalur,0.7356489037120376,2.1976680249929523,31,2412,23351,77473
Tamil Nadu,Chengalpattu,0.5414878141507903,2.186619338359658,48,1253,21533,6248
Tamil Nadu,Chennai,1.00394987332126,3.4466480737626055,93,10043,148368,233030
Tamil Nadu,Coimbatore,0.7320788651958251,3.446138298875716,135,8986,117738,219722
Tamil Nadu,Cuddalore,0.8187002411130302,3.140074444818199,72,8630,81595,168105
Tamil Nadu,Dharmapuri,0.812789417540973,3.2353963062314537,61,5739,41380,104858
Tamil Nadu,Dindigul,0.7851032285002466,2.6179253894724717,58,6083,57577,186123
Tamil Nadu,Erode,0.8046393974672305,2.1956820892714672,72,6017,68409,147495
Tamil Nadu,Kallakurichi,0.576184947181124,2.075728004454095,51,1064,10790,4818
Tamil Nadu,Kancheepuram,0.8085180854069579,3.8114227087592742,106,13050,141293,233919
Tamil Nadu,Kanchipuram,0.6377973627145321,2.0947501208512036,12,387,8,9
Tamil Nadu,Kanniyakumari,0.7259483721255842,2.2322377641011553,76,2275,38678,69432
Tamil Nadu,Kanyakumari,0.5819422945208178,1.697105393440257,68,2005,20696,29748
Tamil Nadu,Karur,0.7159405445370383,2.7279043134234615,38,4019,27344,57807
Tamil Nadu,Krishnagiri,0.8964457012647361,4.232611754035629,48,5075,61909,120803
Tamil Nadu,Madurai,1.011852194161082,3.6734642979756758,63,9938,106052,213798
Tamil Nadu,Mayiladuthurai,0.47382871005450705,1.8682851984905369,42,502,3602,4309
Tamil Nadu,Nagapattinam,0.5390945302467136,2.2153936503649505,98,4047,38029,80677
Tamil Nadu,Namakkal,0.7105636656217036,2.714763519869963,67,4872,45816,120991
Tamil Nadu,Namakkal   *,0.5196881245265287,0.5196881245265287,1,1,0,0
Tamil Nadu,Perambalur,0.7175737104837346,1.6265258025792053,26,2130,15661,57037
Tamil Nadu,Pudukkottai,0.6974284027007692,3.293817145069694,62,7045,52057,130306
Tamil Nadu,Ramanathapuram,0.6208585727925527,2.493313742234065,61,4005,38291,100419
Tamil Nadu,Ranipet,0.5071405751949218,1.8688047864102735,26,111,1390,637
Tamil Nadu,Salem,0.8135087277003845,2.608101299357403,95,10249,106371,240644
Tamil Nadu,Sivaganga,0.5620126597298656,2.5983483393322837,84,4446,34296,95190
Tamil Nadu,Tenkasi,0.5434542351934613,1.5963625408518385,47,1268,10020,10203
Tamil Nadu,Thanjavur,0.6402701198295561,3.0325068610291015,112,7372,76835,169567
Tamil Nadu,The Nilgiris,0.511252376297175,2.2297446167961374,50,1714,15273,44104
Tamil Nadu,Theni,0.7996577194329614,3.186527595421769,34,3473,38776,86722
Tamil Nadu,Thiruvallur,0.4182443319511965,2.342858973315655,66,605,1823,2897
Tamil Nadu,Thiruvarur,0.5892960247035073,1.9920830565346055,80,4165,37780,72799
Tamil Nadu,Thoothukkudi,0.5547479239846451,3.143434262537861,96,5319,44695,139861
Tamil Nadu,Tiruchirappalli,0.727001133932433,3.005961822149442,99,9932,73681,193570
Tamil Nadu,Tirunelveli,0.6603412051216561,2.8343635485970236,131,9675,79890,214773
Tamil Nadu,Tirupathur,0.6779445796928172,0.7713883178133665,2,4,93,59
Tamil Nadu,Tirupattur,0.6162838606964273,1.1463469345025836,27,1048,9352,12111
Tamil Nadu,Tiruppur,0.7859219939085382,3.3927164854929397,80,6192,85946,148772
Tamil Nadu,Tiruvallur,0.9358353136052219,4.828220047813701,79,11435,148408,237793
Tamil Nadu,Tiruvannamalai,0.7296047447773459,2.778640159732208,72,7266,65218,141455
Tamil Nadu,Tiruvarur,0.6788966246017716,1.0002474331738769,3,1,2,3
Tamil Nadu,Tuticorin,0.6241243701046297,1.2598774170475284,7,2,4,6
Tamil Nadu,Vellore,0.653731450604699,3.260639963600486,112,9633,89400,191803
Tamil Nadu,Villupuram,0.6648790702270972,2.2984770837672976,94,6772,39568,121261
Tamil Nadu,Viluppuram,0.6095639209718379,2.1278515027063643,91,5122,35788,85466
Tamil Nadu,Virudhunagar,0.706983550779417,3.670245340037409,69,5407,57442,121294
Tamilnadu,Chennai,0.7470348539492461,0.7470348539492461,1,0,0,1
Telangana,Adilabad,0.7948144576639518,5.234724093993016,49,2987,46010,80283
Telangana,Bhadradri Kothagudem,0.8223662947438004,3.0968333938110786,28,3211,33729,21603
Telangana,Hanumakonda,0.6349580613881906,2.7000144766499203,32,1030,18975,9017
Telangana,Hyderabad,1.329953136501425,7.383607697363559,77,25990,216457,228541
Telangana,Jagitial,0.7841501087882352,1.4876657108139495,26,1595,16299,10745
Telangana,Jangaon,0.5308813754732712,1.0523825780180196,7,81,802,280
Telangana,Jangoan,0.7286638670017095,2.7501726239712405,20,1022,16900,7279
Telangana,Jayashankar Bhupalpally,0.8801908687520059,2.0504896341541494,14,847,16261,4568
Telangana,Jogulamba Gadwal,1.3191275906029334,4.847347355945508,10,1844,33576,11330
Telangana,K.V. Rangareddy,1.1385012802563117,4.682064835127516,101,17409,197330,248581
Telangana,Kamareddy,0.7866655060473783,3.21328912978097,27,2008,24445,15241
Telangana,Karimnagar,0.7720182024832033,4.846863601486191,85,5808,77995,135876
Telangana,Khammam,0.8920355005678821,2.945308635602598,56,3888,53808,62170
Telangana,Komaram Bheem,1.1424621889889222,2.4372120944756492,11,1106,27458,9677
Telangana,Mahabubabad,0.8860306994385488,1.7592884569000398,19,1503,23410,10180
Telangana,Mahabubnagar,0.9075289362488888,5.701612134452251,74,10168,96426,195049
Telangana,Mancherial,0.8492403076830497,1.9017482798261314,21,1094,27123,12409
Telangana,Medak,0.7696061916522269,3.0894541518450747,76,7544,54969,126666
Telangana,Medchal Malkajgiri,1.1059563936088863,1.1769825775959735,2,704,0,0
Telangana,Medchal-Malkajgiri,1.1635127775794434,4.7075102713262575,32,4070,85252,30130
Telangana,Medchal?Malkajgiri,0.6243958805560241,1.7478754313447384,12,2,350,856
Telangana,MedchalâMalkajgiri,0.5182212203157189,0.5182212203157189,1,0,1,0
Telangana,Medchal−Malkajgiri,0.5074816190807847,1.7824039273391121,18,535,1677,4613
Telangana,Mulugu,0.7314093323397362,1.613825328116245,13,937,11698,5387
Telangana,Nagarkurnool,0.7473996778207228,1.6708146184042882,23,1361,20170,12454
Telangana,Nalgonda,0.9079882128240329,4.011573240419756,58,6661,77441,137989
Telangana,Narayanpet,0.8453922888411677,2.25793843923037,17,1310,16732,6287
Telangana,Nirmal,1.1606302968063509,3.0653531359709243,13,1401,33846,13324
Telangana,Nizamabad,0.9538181069443158,4.824339426280034,54,6577,66975,117196
Telangana,Peddapalli,0.678244172480511,1.2894397156359783,18,588,9927,6427
Telangana,Rajanna Sircilla,0.7608297613717696,1.8339776419475862,14,888,11165,8085
Telangana,Ranga Reddy,0.7152763877290347,0.7152763877290347,1,284,0,0
Telangana,Rangareddy,0.7950806529190498,1.1637046427283368,6,300,5562,2786
Telangana,Sangareddy,0.6685787988678243,4.462055434024734,39,2703,37288,22079
Telangana,Siddipet,0.7671464362158537,3.037376990684632,33,1876,35961,16209
Telangana,Suryapet,1.1000206682136369,3.112478123327431,22,2042,45789,20093
Telangana,Vikarabad,1.1210272851924672,4.2773640740181325,27,2593,60549,14223
Telangana,Wanaparthy,1.002825462681502,1.9453270615014973,13,1667,25180,9974
Telangana,Warangal,0.7314983071051114,2.4182067565158487,73,2952,29101,91610
Telangana,Warangal (Urban),0.6229690175687865,0.915585108267119,4,7,121,11
Telangana,Warangal Rural,0.7711700689898551,1.6539221152323516,23,732,17700,7169
Telangana,Warangal Urban,0.5373061554084291,4.158159192618303,25,663,15578,8583
Telangana,Yadadri.,1.1625553328897202,2.9320378118661146,16,1586,39872,12674
The Dadra And Nagar Haveli And Daman And Diu,Dadra And Nagar Haveli,2.1041605706247233,2.1041605706247233,1,716,0,0
Tripura,Dhalai,0.9356301937319245,1.89977064416268,13,1420,15425,34968
Tripura,Dhalai  *,0.5506674204777813,1.1425595865742546,7,32,392,647
Tripura,Gomati,0.7837380210305526,2.0203927237752546,9,679,9761,14702
Tripura,Khowai,0.6468722113040875,0.9829041329558047,5,339,3511,9166
Tripura,North Tripura,0.7911695242855269,2.24035668904443,20,1488,14931,47498
Tripura,Sepahijala,1.1043096363085925,3.8251234166862553,9,1728,15325,19625
Tripura,South Tripura,1.1445447198883856,2.1582340043788273,23,2158,30679,57556
Tripura,Unakoti,0.6712684846866409,1.1065588095259853,9,639,3643,15733
Tripura,West Tripura,1.0326259585089117,2.2857424178696952,39,2802,44346,92260
Uttar Pradesh,Agra,2.057897210653457,7.68747754371399,37,29910,175953,235048
Uttar Pradesh,Aligarh,1.3920066234077413,7.803793026817837,40,26192,186462,199500
Uttar Pradesh,Allahabad,1.4393573091420875,4.0226070262406015,56,13249,186295,258910
Uttar Pradesh,Ambedkar Nagar,1.0465394976011861,4.305409276519105,50,8002,75756,87220
Uttar Pradesh,Amethi,0.9435515511545587,3.4420988169072926,58,7197,76280,93271
Uttar Pradesh,Amroha,1.5850914972926045,7.202619089995809,21,8142,90302,92672
Uttar Pradesh,Auraiya,1.1805977630316176,3.940718482198425,19,3733,51799,63181
Uttar Pradesh,Auraiya *,0.5180541462110022,0.5180541462110022,1,0,0,1
Uttar Pradesh,Ayodhya,0.443679736831135,3.505573429305603,37,1693,15277,7391
Uttar Pradesh,Azamgarh,1.489045470829289,6.324825587920853,60,20573,159789,173398
Uttar Pradesh,Baghpat,1.335445770526621,6.618654932547338,22,6839,54908,58029
Uttar Pradesh,Baghpat *,0.5183047573680772,0.5183882944204357,2,0,3,0
Uttar Pradesh,Bagpat,0.635281107846006,1.5717602080883024,9,1,10,8
Uttar Pradesh,Bahraich,3.0164924349348556,7.385341899727782,25,39338,129697,181078
Uttar Pradesh,Ballia,1.277442271336752,4.150753071708452,39,9976,104948,133005
Uttar Pradesh,Balrampur,1.880793307828823,7.055381045485622,22,12324,78076,102112
Uttar Pradesh,Banda,1.5857970390669898,7.12942625745493,23,10591,69435,92491
Uttar Pradesh,Bara Banki,1.1704505912548047,4.73034758304677,42,9086,109967,165242
Uttar Pradesh,Barabanki,0.5415829510330543,3.6190325624119484,35,2375,4960,4224
Uttar Pradesh,Bareilly,2.285004430268296,7.337481360715177,33,27811,241742,234808
Uttar Pradesh,Basti,1.289174362544133,4.516256632851184,42,10119,84810,109201
Uttar Pradesh,Bhadohi,0.7683362347362469,1.6837425425431487,14,546,11780,6540
Uttar Pradesh,Bijnor,2.4452145620868397,6.729199801504917,28,16851,226859,217048
Uttar Pradesh,Budaun,1.8572176481456821,7.410643115606072,28,15529,171339,110318
Uttar Pradesh,Bulandshahar,0.4935313535607293,1.8998531655156876,30,185,663,220
Uttar Pradesh,Bulandshahr,1.2406679551039435,7.3022068732252094,54,16885,174757,180832
Uttar Pradesh,Chandauli,1.5901386260945367,7.405401283688776,24,9566,93603,90544
Uttar Pradesh,Chandauli *,0.5181376832633606,0.5182212203157189,2,0,1,1
Uttar Pradesh,Chitrakoot,1.6325340643223358,5.300124589576334,16,5401,44546,62732
Uttar Pradesh,Chitrakoot *,0.5182212203157189,0.5182212203157189,1,0,1,0
Uttar Pradesh,Deoria,1.305962212590163,7.313465242848871,40,10257,109251,138613
Uttar Pradesh,Etah,1.3012591140837764,7.406623770566284,24,11264,61891,87429
Uttar Pradesh,Etawah,1.4229939691777638,7.224149409313782,18,7154,62080,79095
Uttar Pradesh,Faizabad,0.8783555300838078,4.8099302495306056,43,6926,69979,94916
Uttar Pradesh,Farrukhabad,1.2717074412616365,4.397537771617647,26,5870,70138,77196
Uttar Pradesh,Fatehpur,1.5737652742539003,7.434175969315441,27,12333,107120,117914
Uttar Pradesh,Firozabad,1.057299043007872,7.482254845710841,31,12300,139201,113767
Uttar Pradesh,Gautam Buddha Nagar,1.4301236235459398,7.6935908188381354,32,18957,153991,89439
Uttar Pradesh,Gautam Buddha Nagar *,0.5180541462110022,0.5180541462110022,1,0,0,2
Uttar Pradesh,Ghaziabad,1.8737577538124481,7.543059210024587,33,23070,239761,192022
Uttar Pradesh,Ghazipur,1.388200393365517,4.73180831307487,42,11288,127840,145692
Uttar Pradesh,Gonda,1.6294857714214435,5.102606540454684,39,15267,125916,152075
Uttar Pradesh,Gorakhpur,1.6407060254274628,6.125210753943983,50,19969,158865,178164
Uttar Pradesh,Hamirpur,1.3536371741015103,3.643027705393934,19,3465,42440,54687
Uttar Pradesh,Hapur,0.9333465744707911,7.4333238951476055,23,7262,44282,56755
Uttar Pradesh,Hardoi,2.594400074213303,7.559924337718358,24,25193,143951,205097
Uttar Pradesh,Hathras,1.1751785781968047,7.140646220441398,24,6493,60658,80404
Uttar Pradesh,Jalaun,1.1847367558367679,5.686736635428721,25,5557,60673,74682
Uttar Pradesh,Jaunpur,1.3258561546621055,7.346975494251962,55,15853,155741,183080
Uttar Pradesh,Jhansi,1.1941159539863482,5.140404585340178,31,7160,71841,112005
Uttar Pradesh,Jyotiba Phule Nagar,0.563669862673802,1.083625575524224,12,84,605,177
Uttar Pradesh,Jyotiba Phule Nagar *,0.5182212203157189,0.5182212203157189,1,0,1,0
Uttar Pradesh,Kannauj,1.5936689106595736,4.87205127926322,17,6638,59687,71653
Uttar Pradesh,Kanpur Dehat,1.3994195581693691,5.349063198411885,28,8017,72089,75626
Uttar Pradesh,Kanpur Nagar,1.4333756660068446,7.58225439353677,52,24708,170125,181438
Uttar Pradesh,Kasganj,1.6933571196737842,6.00753145023571,14,6341,49707,74519
Uttar Pradesh,Kaushambi,1.851253605326415,5.162032049114409,17,7463,77012,97595
Uttar Pradesh,Kheri,2.7053434858818832,7.122506436786056,28,24578,183098,190063
Uttar Pradesh,Kushi Nagar,2.8756657491441837,2.8756657491441837,1,1570,0,0
Uttar Pradesh,Kushinagar,2.2471422993083174,6.131414183278895,24,10611,167255,147826
Uttar Pradesh,Kushinagar *,0.621660373135387,0.8313049619009908,3,6,140,79
Uttar Pradesh,Lalitpur,1.4574198917123662,5.717914226144155,15,4753,46802,75520
Uttar Pradesh,Lucknow,1.5261134655297908,7.398431437751734,56,25514,209476,217390
Uttar Pradesh,Maharajganj,2.838199407104482,7.17296633264387,18,17871,108898,103101
Uttar Pradesh,Mahoba,1.163466054280035,3.353447165977371,16,3020,32304,46339
Uttar Pradesh,Mahoba *,0.5180541462110022,0.5180541462110022,1,0,0,1
Uttar Pradesh,Mahrajganj,0.6980704564018602,1.1507055007149767,15,19,44,25
Uttar Pradesh,Mainpuri,1.598333963349799,7.43403805488751,24,11726,69441,73791
Uttar Pradesh,Mathura,1.6956701910432472,5.216211801927155,29,11746,109289,119417
Uttar Pradesh,Mau,1.3042792451383056,6.566370989693387,35,7579,87700,87861
Uttar Pradesh,Meerut,1.76322903865262,7.6687565628520655,28,24027,167219,173652
Uttar Pradesh,Mirzapur,1.527601177452796,7.202477868699066,24,7645,87276,108192
Uttar Pradesh,Moradabad,1.1217042078215258,7.937014666498622,35,21545,163505,160474
Uttar Pradesh,Muzaffarnagar,1.6269707217122786,7.277813284499918,29,11949,135633,169851
Uttar Pradesh,Pilibhit,2.2967720287539324,6.860127715952809,12,13635,136263,135630
Uttar Pradesh,Pratapgarh,1.2023004129354975,3.7847165510010816,41,10308,104730,131960
Uttar Pradesh,Prayagraj,0.5865037579744222,3.3992360939341397,53,2865,29027,20223
Uttar Pradesh,Rae Bareli,0.9848918459703419,6.789818341883313,48,9729,108253,128738
Uttar Pradesh,Raebareli,0.6456366174315255,1.795887889650843,15,3,14,9
Uttar Pradesh,Rampur,3.5946658043051314,7.17813045393036,10,20110,155518,124942
Uttar Pradesh,Saharanpur,1.7737140509057145,7.661019875408385,23,19166,167814,190716
Uttar Pradesh,Sambhal,1.5947877937271209,5.7785720987352756,28,8677,99589,103347
Uttar Pradesh,Sant Kabir Nagar,1.5549522936044258,5.006083132146541,21,6169,79206,90540
Uttar Pradesh,Sant Ravidas Nagar,1.3237918077079345,3.088667013575932,19,4420,49163,68073
Uttar Pradesh,Sant Ravidas Nagar Bhadohi,0.5835587825932851,1.2831366302961884,13,84,297,110
Uttar Pradesh,Shahjahanpur,2.7681467403164066,7.451198153263301,17,24291,149472,154488
Uttar Pradesh,Shamli,2.3022571587106477,6.504867412915633,12,8200,75614,103134
Uttar Pradesh,Shravasti,2.712871479666064,3.6922471357646534,2,2535,0,0
Uttar Pradesh,Shrawasti,1.4840048211392798,7.232603052373793,19,5117,62721,56564
Uttar Pradesh,Siddharth Nagar,1.7742130437216923,2.968454200933246,6,4341,0,0
Uttar Pradesh,Siddharthnagar,2.018561804601402,7.247006222529008,24,14013,93643,107280
Uttar Pradesh,Sitapur,3.064183197462855,6.948996094457407,25,30854,169322,264311
Uttar Pradesh,Sonbhadra,1.2950743111371994,5.378467014534293,24,5034,72077,103755
Uttar Pradesh,Sultanpur,1.106262288881145,6.697635650842378,43,11434,82621,98465
Uttar Pradesh,Unnao,1.4317823895513024,7.677324014754294,35,19148,124543,146390
Uttar Pradesh,Varanasi,1.355278905509993,7.573585116228199,61,23334,159498,182411
Uttarakhand,Almora,0.6105394843100495,2.4494166702108275,43,1367,15786,32408
Uttarakhand,Bageshwar,0.6685445988991735,1.6741078398140585,15,742,6928,21495
Uttarakhand,Chamoli,0.6518257029653631,1.3678174162269616,29,1090,11790,28402
Uttarakhand,Champawat,0.9101991666427787,1.5477705468437086,9,866,12505,23214
Uttarakhand,Dehradun,0.8052605230290205,7.440722736003122,43,9485,82622,129280
Uttarakhand,Garhwal,0.5159651941838147,1.8140279818808045,35,56,404,336
Uttarakhand,Hardwar,0.5833126350841032,1.4291896221143465,19,146,1187,895
Uttarakhand,Haridwar,1.2925421927482657,7.029893776244137,23,5955,68900,134636
Uttarakhand,Nainital,0.8020445353640625,7.2593066087717295,28,3951,49100,69361
Uttarakhand,Pauri Garhwal,0.5433849124969441,3.816387515875189,46,1856,21130,43759
Uttarakhand,Pithoragarh,0.6003760300139304,1.879829488307831,26,1220,14702,30183
Uttarakhand,Rudraprayag,0.7399730865373157,1.506328935093396,14,956,7834,24178
Uttarakhand,Tehri Garhwal,0.7811259222890011,3.0485878268423168,32,2781,25866,57281
Uttarakhand,Udham Singh Nagar,2.0258111774139005,5.759095727023343,19,6095,134862,144867
Uttarakhand,Uttarkashi,0.7740347665840737,1.7377592918086244,16,1132,10021,24468
Uttaranchal,Almora,0.7223690934956764,0.7223690934956764,1,0,0,1
Uttaranchal,Garhwal,0.5180541462110022,0.5180541462110022,1,0,0,1
Uttaranchal,Tehri Garhwal,0.6980929481395006,0.6980929481395006,1,0,2,0
Uttaranchal,Udham Singh Nagar *,0.5185553685251523,0.5185553685251523,1,0,3,0
West  Bengal,Hooghly,0.5016634579280363,0.7109867463408689,6,15,107,28
West Bangal,Hooghly,0.5311934040328837,0.7161660435870866,5,6,93,34
West Bangal,Howrah,0.40002695093644447,0.607052225172246,3,4,51,19
West Bangal,South 24 Parganas,0.6488474672067771,0.6488474672067771,1,0,13,1
West Bengal,24 Paraganas North,0.9306753138347448,4.123043760546866,23,6147,0,0
West Bengal,24 Paraganas South,1.0710657036221523,1.0710657036221523,1,490,0,0
West Bengal,Alipurduar,0.8392523165174056,2.1768182807734986,27,3673,10834,7625
West Bengal,Bally Jagachha,0.5180959147371814,0.5182212203157189,4,0,1,5
West Bengal,Bankura,0.9790351670202914,4.262884894881035,86,11355,145827,108049
West Bengal,Barddhaman,0.71967921141972,3.4349522502551677,174,15836,170401,181126
West Bengal,Bardhaman,0.5211163774522584,2.3148482172362117,136,1776,23249,14175
West Bengal,Birbhum,1.382878930346986,4.753642147623113,57,15509,151363,110194
West Bengal,Burdwan,0.3635000089264461,0.3635000089264461,1,2,0,5
West Bengal,Cooch Behar,1.1079215405633445,7.252539030291092,58,10728,122859,45164
West Bengal,Coochbehar,1.4224354013143146,3.5631069892272773,8,4410,0,0
West Bengal,Dakshin Dinajpur,1.3458378520422147,4.586143162674136,30,6526,84278,44659
West Bengal,Darjeeling,0.6949091832400295,4.1044185951688945,70,7319,53637,40102
West Bengal,Darjiling,0.5658862750015191,2.3416177822996267,46,726,8271,2586
West Bengal,Dinajpur Dakshin,1.3245627465172154,1.4453157621936954,2,997,0,0
West Bengal,Dinajpur Uttar,3.0091526621446874,4.125960095462852,6,11671,0,0
West Bengal,Domjur,0.51816552894748,0.5183882944204357,3,0,2,3
West Bengal,East Midnapore,0.6144288576236311,2.014996444916721,100,2118,25251,26704
West Bengal,East Midnapur,0.6775201428665394,0.9931106540832798,3,1,20,13
West Bengal,Haora,0.6258919362161005,2.9321380464682885,54,2862,39895,27755
West Bengal,Hawrah,0.6644563219101955,0.7752310222218506,2,6,32,13
West Bengal,Hooghiy,0.6312922389060166,0.8542598680969947,3,1,32,7
West Bengal,Hooghly,0.9211580365151765,4.481422450102449,111,15343,181833,160772
West Bengal,Howrah,0.9788511183153842,5.456979551292695,59,11410,107784,99364
West Bengal,Hugli,0.5905489738581646,1.7501831500155702,87,194,1264,439
West Bengal,Jalpaiguri,1.106745294586059,5.772125009604325,78,10654,187511,80643
West Bengal,Jhargram,0.5177956741817042,2.119558455831242,59,962,7258,4006
West Bengal,Kalimpong,0.5172049862361948,2.6415506458540783,18,513,2381,723
West Bengal,Koch Bihar,0.9916089768905522,2.9686948768719708,40,3348,71087,13201
West Bengal,Kolkata,0.744461873373899,4.612462548883246,100,10362,106499,91012
West Bengal,Malda,1.8082259706922987,7.174566917209216,39,15830,196468,95359
West Bengal,Maldah,0.6667552271955961,2.528670329138157,38,1756,22566,14176
West Bengal,Medinipur,0.622813893534036,1.7906583910419318,68,29,178,75
West Bengal,Medinipur West,1.1090608981673196,1.4018151111282657,2,645,0,0
West Bengal,Murshidabad,1.5350473771229727,7.412333873396399,100,35911,371953,219079
West Bengal,Nadia,1.1502745344074448,5.144172743121884,80,17716,192343,127801
West Bengal,Naihati Anandabazar,0.5183882944204357,0.5183882944204357,1,0,2,0
West Bengal,North 24 Parganas,1.0162629602259061,6.685886625412649,153,28606,290477,223910
West Bengal,North Dinajpur,0.6942987996358928,1.207445017740184,24,342,4901,1195
West Bengal,North Twenty Four Parganas,0.5479378946117553,1.9989171347740724,122,1627,19735,14653
West Bengal,Paschim Bardhaman,0.5862989144632772,1.8944470175607153,96,1276,16681,10105
West Bengal,Paschim Medinipur,1.1081751876528698,5.729748966148875,100,18085,214180,148750
West Bengal,Purba Bardhaman,0.6029402793409449,2.3210893295434016,126,3041,24451,12845
West Bengal,Purba Medinipur,0.8712820116022754,3.4980722868711993,108,14322,103429,131356
West Bengal,Purulia,0.5705321140769043,1.9627561301208523,32,783,7309,3875
West Bengal,Puruliya,1.5494170399467415,4.72913467553344,44,13219,155038,92096
West Bengal,South  Twenty Four Parganas,0.5183326030521967,0.5183882944204357,3,0,5,0
West Bengal,South 24 Pargana,0.6285353699715523,0.8469917059219021,3,2,29,4
West Bengal,South 24 Parganas,1.568843911195628,7.299529690267786,95,33542,401187,224631
West Bengal,South Dinajpur,0.5623689645194054,2.3372335842654315,22,446,6819,2125
West Bengal,South Dumdum(M),0.5193907390487358,0.5193907390487358,1,0,8,6
West Bengal,South Twenty Four Parganas,0.6611781128858703,2.9761804922021544,74,4107,42066,33382
West Bengal,Uttar Dinajpur,2.8969869365282532,7.078122148655054,25,26892,270232,91756
West Bengal,West Medinipur,0.2305152880481619,0.2305152880481619,1,2,12,4
West Bengal,West Midnapore,0.6115664812086695,2.373771081952769,76,2190,30680,18978
West Bengli,Hooghly,0.7111538204455855,0.7111538204455855,1,0,3,0
Westbengal,Hooghly,0.678979438545076,0.7958104124338707,5,7,144,28
Westbengal,Howrah,0.6072192992769627,0.6077205215911129,2,0,8,3
